"start_index","end_index","start_name","end_name","start_layer_kind","end_layer_kind","min_start_index_time","mean_start_index_time","max_start_index_time","min_end_index_time","mean_end_index_time","max_end_index_time","min_path_time","mean_path_time","max_path_time","min_path_minus_start_time","mean_path_minus_start_time","max_path_minus_start_time","min_path_minus_end_time","mean_path_minus_end_time","max_path_minus_end_time","raw_start_index_time","raw_end_index_time","raw_path_time"
1,2,"conv1_1","relu1_1","Convolution","Elementwise",2631.,2678.1333,3622.,1431.,1466.5,2013.,4582.,4617.2667,4990.,1951.,1939.1333000000002,1368.,3151.,3150.7667,2977.,"{3622., 3176., 2881., 2756., 2880., 2694., 2697., 2706., 2733., 2693., 2690., 2699., 2684., 2662., 2643., 2774., 2677., 2647., 2664., 2760., 2653., 2662., 2663., 2652., 2679., 2655., 2704., 2675., 2668., 2650., 2790., 2671., 2640., 2657., 2724., 2639., 2648., 2663., 2651., 2659., 2660., 2702., 2673., 2642., 2638., 2797., 2668., 2631., 2680., 2710.}","{2013., 2008., 1760., 1585., 1512., 1513., 1522., 1507., 1505., 1475., 1467., 1477., 1482., 1478., 1480., 1480., 1477., 1461., 1474., 1492., 1466., 1477., 1483., 1465., 1461., 1482., 1452., 1471., 1458., 1456., 1475., 1453., 1467., 1469., 1431., 1432., 1459., 1437., 1450., 1449., 1439., 1445., 1436., 1431., 1445., 1431., 1440., 1451., 1440., 1455.}","{4990., 4658., 4745., 4630., 4693., 4613., 4611., 4605., 4619., 4631., 4610., 4627., 4612., 4631., 4598., 4714., 4597., 4715., 4613., 4646., 4588., 4612., 4606., 4606., 4638., 4629., 4596., 4607., 4676., 4596., 4740., 4597., 4660., 4597., 4600., 4610., 4609., 4608., 4601., 4596., 4601., 4685., 4598., 4773., 4584., 4661., 4606., 4605., 4582., 4616.}"
2,3,"relu1_1","conv1_2","Elementwise","Convolution",1416.,1451.6333,1937.,34102.,34232.7667,34427.,35738.,36188.0667,36374.,34322.,34736.433300000004,34437.,1636.,1955.3000000000002,1947.,"{1937., 1920., 1726., 1571., 1493., 1482., 1486., 1466., 1464., 1479., 1467., 1455., 1457., 1448., 1455., 1438., 1442., 1464., 1440., 1438., 1464., 1433., 1430., 1450., 1439., 1454., 1428., 1427., 1449., 1439., 1453., 1470., 1446., 1456., 1465., 1448., 1455., 1454., 1448., 1458., 1454., 1441., 1462., 1423., 1442., 1440., 1432., 1441., 1422., 1416.}","{34127., 34276., 34263., 34158., 34275., 34173., 34210., 34188., 34201., 34411., 34137., 34158., 34242., 34102., 34267., 34114., 34174., 34205., 34317., 34212., 34231., 34202., 34153., 34299., 34130., 34276., 34276., 34199., 34371., 34212., 34194., 34285., 34237., 34280., 34333., 34367., 34245., 34193., 34252., 34204., 34427., 34228., 34272., 34218., 34199., 34339., 34313., 34337., 34205., 34236.}","{35738., 36249., 36121., 36279., 36093., 36132., 36196., 36142., 36247., 36130., 36138., 36338., 36116., 36267., 36219., 36311., 36134., 36279., 36051., 36281., 36059., 36242., 36220., 36070., 36142., 36092., 36157., 36292., 36230., 36175., 36143., 36309., 36188., 36125., 36186., 36261., 36202., 36137., 36374., 36164., 36258., 36166., 36156., 36190., 36323., 36182., 36232., 36152., 36357., 36135.}"
3,4,"conv1_2","relu1_2","Convolution","Elementwise",34137.,34288.700000000004,56065.,1386.,1467.4667000000002,2015.,36157.,36318.700000000004,56758.,2020.,2030.,693.,34771.,34851.2333,54743.,"{56065., 34350., 34235., 34432., 34265., 34350., 34258., 34410., 34311., 34238., 34250., 34392., 34399., 34278., 34244., 34366., 34338., 34410., 34221., 34454., 34301., 34213., 34175., 34246., 34221., 34349., 34369., 34248., 34269., 34361., 34277., 34261., 34241., 34379., 34297., 34270., 34190., 34378., 34270., 34210., 34372., 34236., 34137., 34233., 34210., 34220., 34228., 34317., 34319., 34314.}","{2015., 1940., 1851., 1689., 1662., 1635., 1659., 1608., 1624., 1626., 1601., 1623., 1621., 1606., 1624., 1610., 1626., 1450., 1448., 1464., 1417., 1430., 1454., 1423., 1418., 1449., 1417., 1419., 1390., 1399., 1420., 1392., 1399., 1418., 1388., 1394., 1409., 1408., 1401., 1423., 1397., 1399., 1420., 1398., 1420., 1395., 1411., 1413., 1400., 1386.}","{56758., 36372., 36384., 36301., 36229., 36370., 36157., 36370., 36283., 36402., 36411., 36327., 36380., 36324., 36353., 36282., 36314., 36375., 36310., 36302., 36386., 36387., 36227., 36259., 36263., 36271., 36411., 36302., 36275., 36515., 36318., 36279., 36344., 36312., 36212., 36236., 36270., 36327., 36284., 36323., 36349., 36294., 36323., 36305., 36356., 36284., 36400., 36248., 36332., 36213.}"
4,5,"relu1_2","pool1","Elementwise","Pooling",1377.,1457.7333,2024.,3839.,3860.3667,4211.,5325.,5390.666700000001,6155.,3948.,3932.9333,4131.,1486.,1530.3000000000002,1944.,"{2024., 1977., 1845., 1699., 1635., 1629., 1645., 1628., 1643., 1615., 1618., 1601., 1616., 1616., 1607., 1604., 1482., 1458., 1439., 1430., 1414., 1418., 1410., 1385., 1427., 1400., 1411., 1414., 1406., 1413., 1439., 1417., 1436., 1407., 1390., 1422., 1382., 1405., 1421., 1382., 1390., 1403., 1379., 1382., 1397., 1383., 1378., 1414., 1377., 1379.}","{4211., 4182., 3979., 3876., 3892., 3858., 3886., 3848., 3856., 3874., 3848., 3868., 3865., 3860., 3870., 3847., 3856., 3871., 3852., 3860., 3841., 3862., 3869., 3858., 3864., 3864., 3858., 3869., 3843., 3852., 3876., 3848., 3869., 3841., 3852., 3861., 3840., 3861., 3857., 3857., 3868., 3842., 3845., 3867., 3839., 3866., 3866., 3842., 3926., 3850.}","{6155., 6027., 5738., 5577., 5533., 5515., 5482., 5482., 5458., 5452., 5426., 5457., 5393., 5436., 5422., 5441., 5396., 5420., 5372., 5407., 5398., 5377., 5408., 5402., 5379., 5369., 5385., 5362., 5394., 5354., 5381., 5369., 5370., 5347., 5385., 5370., 5362., 5381., 5326., 5371., 5345., 5359., 5336., 5369., 5328., 5364., 5329., 5340., 5325., 5333.}"
5,6,"pool1","conv2_1","Pooling","Convolution",3830.,3870.1000000000004,4235.,9495.,9619.6,9858.,13876.,14000.2333,14510.,10046.,10130.133300000001,10275.,4381.,4380.6333,4652.,"{4229., 4235., 3985., 3897., 3887., 3873., 3886., 3853., 3870., 3867., 3863., 3892., 3856., 3868., 3869., 3854., 3872., 3881., 3865., 3881., 3856., 3874., 3867., 3853., 3887., 3851., 3879., 3867., 3854., 3868., 3867., 3871., 3868., 3859., 3883., 3868., 3853., 3884., 3830., 3870., 3865., 3850., 3908., 3887., 3876., 3870., 3852., 3878., 3867., 3857.}","{9858., 9671., 9663., 9589., 9587., 9526., 9528., 9496., 9535., 9560., 9495., 9561., 9623., 9644., 9666., 9704., 9726., 9668., 9683., 9749., 9718., 9701., 9669., 9664., 9629., 9554., 9571., 9665., 9554., 9521., 9497., 9566., 9495., 9556., 9532., 9531., 9538., 9532., 9535., 9605., 9640., 9692., 9677., 9682., 9683., 9689., 9695., 9702., 9672., 9678.}","{14510., 14045., 14144., 14036., 14011., 14046., 13941., 14137., 13940., 14069., 13971., 13984., 14126., 13967., 14012., 13926., 13898., 14085., 13876., 13974., 13892., 13934., 14047., 13936., 14020., 13953., 13894., 14065., 13882., 13975., 14016., 13998., 14117., 14007., 14045., 14012., 13967., 14114., 13959., 14058., 13941., 13931., 14091., 13956., 14019., 14037., 13936., 14141., 13920., 14093.}"
6,7,"conv2_1","relu2_1","Convolution","Elementwise",9479.,9581.4667,9933.,530.,537.,858.,10425.,10528.4667,10915.,946.,947.,982.,9895.,9991.4667,10057.,"{9933., 9809., 9746., 9634., 9605., 9589., 9501., 9479., 9567., 9524., 9517., 9506., 9528., 9506., 9490., 9499., 9506., 9564., 9622., 9646., 9664., 9650., 9671., 9697., 9661., 9674., 9661., 9616., 9610., 9566., 9507., 9504., 9509., 9539., 9503., 9515., 9504., 9505., 9528., 9495., 9519., 9592., 9599., 9668., 9634., 9636., 9673., 9639., 9655., 9672.}","{858., 792., 635., 567., 544., 535., 536., 537., 536., 533., 533., 545., 530., 533., 531., 533., 541., 534., 549., 535., 536., 537., 533., 539., 534., 553., 532., 534., 531., 549., 533., 539., 536., 545., 544., 534., 539., 540., 539., 535., 549., 535., 535., 536., 534., 537., 533., 536., 545., 535.}","{10915., 10731., 10561., 10499., 10523., 10489., 10496., 10516., 10483., 10496., 10508., 10470., 10508., 10562., 10599., 10653., 10627., 10621., 10624., 10543., 10488., 10514., 10499., 10484., 10499., 10496., 10536., 10620., 10528., 10467., 10533., 10612., 10631., 10608., 10644., 10592., 10577., 10536., 10501., 10465., 10499., 10465., 10561., 10520., 10482., 10503., 10481., 10425., 10528., 10524.}"
7,8,"relu2_1","conv2_2","Elementwise","Convolution",536.,541.6333000000001,798.,18892.,19070.1667,19546.,19961.,20061.5667,37560.,19425.,19519.9333,36762.,1069.,991.4000000000001,18014.,"{798., 727., 623., 559., 551., 542., 541., 568., 541., 559., 556., 537., 541., 539., 539., 537., 541., 550., 537., 538., 540., 538., 542., 538., 539., 554., 539., 541., 539., 543., 538., 541., 553., 559., 540., 541., 538., 540., 539., 546., 536., 549., 537., 540., 537., 540., 539., 552., 537., 537.}","{19546., 19159., 19075., 18945., 18952., 19031., 19081., 19070., 19035., 19064., 19162., 19097., 19152., 19023., 19037., 19034., 19208., 19086., 19118., 19101., 19088., 19051., 19042., 19082., 19020., 18892., 19031., 19100., 19127., 19123., 19073., 19117., 19052., 19081., 19006., 18964., 19020., 19005., 19056., 19140., 19059., 19076., 19085., 19113., 19104., 19101., 18952., 18943., 19096., 19081.}","{37560., 23336., 20214., 20260., 20138., 20190., 20089., 20031., 20021., 20010., 20058., 20081., 20075., 20043., 20006., 19987., 20023., 20010., 20054., 20023., 19984., 20113., 20046., 20009., 20017., 20080., 19976., 20055., 20046., 20017., 20030., 20005., 20032., 20078., 20066., 19961., 20042., 20069., 20005., 20059., 20031., 20813., 20155., 20099., 20099., 20241., 20180., 20153., 20131., 20101.}"
8,9,"conv2_2","relu2_2","Convolution","Elementwise",18988.,19127.1333,20442.,535.,541.5333,840.,19936.,20060.100000000002,38388.,948.,932.9667000000001,17946.,19401.,19518.5667,37548.,"{19270., 19137., 19160., 19108., 19185., 19212., 19190., 19092., 19117., 19072., 18988., 18998., 19085., 19221., 19124., 19157., 19066., 19133., 19081., 19101., 19088., 19059., 19067., 19054., 19259., 19130., 19115., 19198., 19212., 19288., 19206., 19113., 19182., 19051., 19004., 19008., 19197., 19203., 19116., 19094., 19184., 19169., 19116., 19177., 19001., 19030., 20442., 19071., 19121., 19132.}","{840., 798., 642., 568., 559., 538., 544., 542., 541., 538., 557., 541., 541., 541., 540., 538., 541., 551., 538., 546., 538., 540., 538., 550., 537., 554., 542., 540., 538., 538., 545., 535., 550., 537., 537., 536., 536., 545., 540., 554., 538., 546., 542., 535., 537., 536., 536., 554., 548., 539.}","{37381., 20198., 20167., 20122., 20180., 20166., 20138., 20166., 20110., 20086., 20134., 20129., 20108., 20084., 20037., 20047., 20050., 20001., 20008., 19995., 20034., 19981., 20002., 20062., 19993., 20090., 20050., 20097., 20078., 20125., 20059., 19978., 19956., 20009., 19995., 19980., 20018., 38388., 20914., 20203., 20145., 20039., 20028., 20002., 20019., 20010., 20003., 19980., 19936., 20025.}"
9,10,"relu2_2","pool2","Elementwise","Pooling",803.,810.8333,1036.,1867.,1897.5,1997.,2370.,2420.6,5225.,1567.,1609.7667000000001,4189.,503.,523.1,3228.,"{1036., 980., 867., 817., 807., 817., 827., 830., 814., 808., 810., 825., 813., 810., 811., 806., 823., 815., 806., 810., 805., 826., 807., 808., 806., 803., 816., 809., 810., 813., 806., 820., 808., 804., 809., 805., 825., 806., 810., 808., 806., 823., 813., 803., 804., 804., 823., 803., 809., 804.}","{1997., 1964., 1893., 1917., 1895., 1892., 1909., 1884., 1915., 1883., 1910., 1895., 1902., 1896., 1900., 1892., 1912., 1883., 1901., 1895., 1901., 1890., 1910., 1883., 1911., 1885., 1895., 1908., 1883., 1916., 1883., 1917., 1893., 1901., 1883., 1912., 1893., 1902., 1867., 1885., 1896., 1901., 1892., 1907., 1882., 1896., 1900., 1891., 1909., 1883.}","{5225., 5079., 4916., 2923., 2486., 2416., 2443., 2423., 2439., 2428., 2422., 2439., 2413., 2460., 2438., 2417., 2428., 2424., 2445., 2434., 2398., 2426., 2412., 2370., 2420., 2409., 2410., 2414., 2405., 2429., 2394., 2421., 2425., 2410., 2413., 2407., 2423., 2413., 2403., 2428., 2404., 2417., 2427., 2401., 2423., 2398., 2424., 2413., 2408., 2418.}"
10,11,"pool2","conv3_1","Pooling","Convolution",1860.,1898.1000000000001,1980.,5610.,5699.666700000001,6295.,7599.,7710.200000000001,8229.,5739.,5812.1,6249.,1989.,2010.5333,1934.,"{1980., 1920., 1914., 1897., 1902., 1892., 1911., 1883., 1911., 1882., 1891., 1908., 1884., 1900., 1894., 1909., 1887., 1891., 1884., 1914., 1884., 1920., 1885., 1901., 1894., 1916., 1894., 1911., 1884., 1897., 1860., 1874., 1909., 1883., 1906., 1895., 1899., 1900., 1902., 1882., 1911., 1881., 1913., 1894., 1901., 1896., 1899., 1926., 1910., 1883.}","{6295., 6173., 5826., 5775., 5826., 5721., 5860., 5660., 5761., 5674., 5729., 5799., 5693., 5829., 5643., 5710., 5628., 5647., 5755., 5658., 5795., 5619., 5709., 5613., 5631., 5756., 5677., 5810., 5635., 5729., 5649., 5647., 5716., 5666., 5779., 5610., 5745., 5612., 5629., 5677., 5667., 5827., 5633., 5777., 5624., 5636., 5662., 5655., 5782., 5625.}","{8229., 8091., 7886., 7959., 7848., 7759., 7703., 7793., 7841., 7660., 7713., 7658., 7798., 7625., 7717., 7632., 7844., 7771., 7683., 7672., 7713., 7827., 7667., 7660., 7650., 7806., 7697., 7659., 7638., 7728., 7767., 7636., 7680., 7666., 7809., 7645., 7668., 7640., 7794., 7676., 7660., 7670., 7740., 7774., 7599., 7636., 7657., 7807., 7697., 7644.}"
11,12,"conv3_1","relu3_1","Convolution","Elementwise",5613.,5713.1333,6152.,408.,411.1667,574.,6134.,6238.8333,7423.,521.,525.7,1271.,5726.,5827.666700000001,6849.,"{6152., 6050., 5795., 5849., 5867., 5721., 5822., 5678., 5696., 5723., 5726., 5831., 5684., 5801., 5669., 5674., 5729., 5689., 5812., 5693., 5770., 5660., 5674., 5714., 5701., 5806., 5657., 5753., 5633., 5664., 5705., 5707., 5806., 5638., 5758., 5642., 5646., 5697., 5661., 5789., 5647., 5743., 5629., 5639., 5696., 5660., 5758., 5613., 5835., 5666.}","{574., 493., 439., 418., 410., 410., 410., 410., 430., 411., 411., 412., 411., 411., 411., 412., 416., 425., 412., 412., 409., 410., 409., 409., 420., 410., 410., 425., 410., 408., 409., 411., 409., 410., 409., 408., 411., 425., 411., 411., 411., 409., 411., 410., 410., 409., 419., 413., 417., 410.}","{6717., 6531., 6419., 6279., 6376., 6226., 6221., 6354., 6198., 6183., 6281., 6201., 6327., 6203., 6169., 6342., 6167., 6223., 6248., 6182., 6332., 6171., 6176., 6327., 6160., 6231., 6229., 6134., 6363., 6176., 6156., 6320., 7423., 6277., 6367., 6174., 6228., 6255., 6181., 6319., 6165., 6190., 6327., 6173., 6271., 6207., 6146., 6341., 6150., 6152.}"
12,13,"relu3_1","conv3_2","Elementwise","Convolution",280.,409.0333,472.,11606.,11748.7667,12220.,12146.,12294.8667,12584.,11866.,11885.8333,12112.,540.,546.1,364.,"{472., 440., 439., 410., 408., 407., 408., 409., 408., 409., 408., 409., 421., 409., 408., 408., 409., 409., 409., 409., 409., 423., 410., 415., 410., 408., 411., 411., 410., 412., 408., 423., 409., 409., 411., 411., 409., 408., 408., 410., 411., 341., 329., 287., 287., 281., 280., 281., 282., 307.}","{12220., 11829., 11834., 11864., 11864., 11804., 11626., 11649., 11815., 11777., 11811., 11700., 11704., 11655., 11950., 11831., 11806., 11676., 11627., 11721., 11825., 11790., 11760., 11670., 11622., 11778., 11779., 11755., 11745., 11680., 11647., 11847., 11761., 11789., 11671., 11626., 11699., 11816., 11773., 11767., 11616., 11611., 11697., 11802., 11764., 11754., 11608., 11606., 11780., 11780.}","{12584., 12420., 12204., 12202., 12342., 12325., 12296., 12190., 12294., 12340., 12318., 12167., 12230., 12420., 12418., 12196., 12212., 12408., 12373., 12283., 12195., 12318., 12371., 12376., 12174., 12192., 12317., 12394., 12217., 12231., 12410., 12364., 12279., 12146., 12246., 12345., 12328., 12165., 12179., 12354., 12319., 12281., 12170., 12343., 12344., 12324., 12151., 12258., 12391., 12365.}"
13,14,"conv3_2","relu3_2","Convolution","Elementwise",11556.,11726.7667,23527.,409.,412.4667,562.,12060.,12202.1667,12644.,504.,475.40000000000003,-10883.,11651.,11789.7,12082.,"{23527., 16723., 11903., 11801., 11802., 11723., 11720., 11642., 11803., 11734., 11754., 11677., 11675., 11685., 11856., 11766., 11753., 11580., 11594., 11764., 11841., 11806., 11756., 11620., 11600., 11712., 11772., 11764., 11727., 11636., 11632., 11763., 11811., 11801., 11718., 11577., 11605., 11774., 11742., 11714., 11698., 11603., 11594., 11776., 11779., 11723., 11638., 11556., 11580., 11785.}","{562., 480., 435., 414., 412., 413., 410., 409., 410., 412., 424., 411., 421., 410., 409., 410., 411., 410., 411., 424., 414., 414., 412., 412., 412., 412., 411., 412., 414., 424., 412., 412., 413., 412., 411., 414., 421., 413., 414., 425., 412., 412., 414., 413., 412., 411., 411., 412., 424., 412.}","{12644., 12378., 12323., 12154., 12153., 12248., 12252., 12248., 12176., 12292., 12271., 12256., 12085., 12136., 12240., 12299., 12171., 12124., 12248., 12211., 12234., 12104., 12092., 12290., 12228., 12187., 12135., 12211., 12245., 12230., 12063., 12124., 12232., 12213., 12241., 12082., 12202., 12198., 12248., 12082., 12060., 12237., 12194., 12274., 12065., 12162., 12213., 12203., 12143., 12122.}"
14,15,"relu3_2","conv3_3","Elementwise","Convolution",409.,411.6667,483.,11603.,11745.033300000001,12275.,12156.,12309.7333,23955.,11747.,11898.066700000001,23472.,553.,564.7,11680.,"{483., 441., 424., 414., 423., 413., 412., 411., 409., 412., 418., 419., 410., 425., 414., 412., 410., 412., 410., 412., 412., 411., 409., 424., 410., 409., 411., 409., 410., 411., 409., 410., 410., 426., 410., 412., 410., 410., 409., 411., 410., 410., 425., 414., 412., 412., 414., 413., 411., 414.}","{12275., 11971., 11869., 11673., 11684., 11885., 11817., 11766., 11708., 11627., 11667., 11814., 11796., 11829., 11663., 11627., 11683., 11790., 11792., 11849., 11649., 11640., 11744., 11792., 11767., 11709., 11635., 11638., 11833., 11789., 11760., 11722., 11634., 11669., 11823., 11805., 11856., 11641., 11624., 11692., 11833., 11807., 11791., 11630., 11603., 11766., 11821., 11776., 11731., 11708.}","{23955., 23649., 16951., 12415., 12271., 12216., 12375., 12318., 12329., 12275., 12263., 12318., 12327., 12176., 12210., 12396., 12333., 12291., 12189., 12327., 12398., 12358., 12294., 12251., 12305., 12338., 12159., 12181., 12426., 12365., 12299., 12179., 12329., 12384., 12340., 12180., 12260., 12373., 12379., 12188., 12156., 12361., 12340., 12316., 12214., 12314., 12309., 12310., 12261., 12301.}"
15,16,"conv3_3","relu3_3","Convolution","Elementwise",11563.,11723.8333,23413.,289.,290.8333,419.,12058.,12230.800000000001,24626.,495.,506.9667,1213.,11769.,11939.9667,24207.,"{23413., 22721., 22712., 12429., 11824., 11826., 11776., 11624., 11617., 11767., 11832., 11803., 11783., 11669., 11583., 11687., 11819., 11753., 11776., 11608., 11607., 11716., 11697., 11731., 11758., 11627., 11563., 11743., 11775., 11743., 11664., 11614., 11587., 11770., 11762., 11799., 11648., 11630., 11634., 11778., 11723., 11778., 11652., 11642., 11673., 11792., 11756., 11740., 11584., 11699.}","{419., 359., 307., 292., 290., 306., 291., 300., 291., 291., 291., 290., 290., 291., 290., 290., 290., 291., 305., 291., 290., 292., 290., 290., 291., 291., 291., 290., 291., 302., 290., 290., 304., 290., 290., 290., 293., 291., 289., 290., 290., 301., 289., 291., 291., 291., 300., 291., 291., 291.}","{24626., 18425., 12364., 12222., 12143., 12288., 12328., 12345., 12150., 12274., 12292., 12243., 12071., 12094., 12249., 12257., 12268., 12168., 12218., 12274., 12376., 12086., 12168., 12281., 12246., 12269., 12100., 12183., 12293., 12300., 12085., 12058., 12274., 12300., 12354., 12066., 12180., 12282., 12277., 12081., 12094., 12239., 12217., 12251., 12134., 12212., 12256., 12262., 12147., 12073.}"
16,17,"relu3_3","pool3","Elementwise","Pooling",410.,414.0667,484.,976.,1001.9333,1028.,1247.,1260.3667,2549.,837.,846.3000000000001,2065.,271.,258.43330000000003,1521.,"{484., 448., 426., 416., 414., 427., 411., 414., 413., 410., 413., 423., 411., 411., 427., 414., 412., 412., 414., 413., 412., 412., 412., 411., 427., 413., 414., 414., 414., 410., 414., 413., 414., 413., 431., 431., 413., 413., 417., 414., 414., 414., 414., 434., 417., 414., 414., 417., 415., 414.}","{1023., 994., 1015., 999., 997., 998., 1021., 998., 1006., 999., 1014., 998., 997., 997., 1015., 1000., 1014., 1000., 1025., 1001., 999., 1001., 1027., 1004., 1007., 998., 1028., 1000., 1011., 1000., 1014., 1000., 999., 1000., 1013., 1000., 1012., 1000., 1023., 995., 987., 987., 984., 976., 976., 976., 1012., 987., 998., 987.}","{2549., 2547., 2525., 2489., 1827., 1281., 1266., 1273., 1253., 1253., 1270., 1290., 1289., 1271., 1266., 1254., 1252., 1262., 1248., 1261., 1267., 1248., 1260., 1265., 1248., 1249., 1267., 1260., 1248., 1266., 1260., 1248., 1266., 1248., 1249., 1261., 1260., 1248., 1259., 1267., 1249., 1249., 1266., 1261., 1247., 1267., 1258., 1249., 1268., 1249.}"
17,18,"pool3","conv4_1","Pooling","Convolution",976.,989.3667,1014.,5011.,5087.,5495.,6002.,6087.7667,6422.,5026.,5098.400000000001,5408.,991.,1000.7667,927.,"{1000., 979., 990., 988., 985., 985., 986., 1011., 985., 996., 986., 999., 985., 984., 985., 1002., 987., 1000., 987., 1014., 988., 987., 987., 1002., 987., 987., 987., 1014., 987., 997., 987., 1004., 987., 987., 986., 1004., 987., 999., 987., 1012., 988., 987., 987., 1004., 986., 986., 987., 1003., 978., 976.}","{5495., 5172., 5223., 5024., 5171., 5035., 5120., 5011., 5113., 5018., 5087., 5029., 5082., 5016., 5061., 5021., 5084., 5014., 5068., 5051., 5109., 5049., 5120., 5088., 5074., 5070., 5082., 5102., 5080., 5112., 5137., 5172., 5045., 5213., 5021., 5182., 5036., 5190., 5030., 5186., 5025., 5186., 5029., 5162., 5024., 5175., 5014., 5300., 5040., 5182.}","{6422., 6321., 6202., 6089., 6213., 6018., 6057., 6167., 6040., 6170., 6020., 6042., 6215., 6016., 6160., 6035., 6076., 6200., 6010., 6117., 6059., 6078., 6157., 6023., 6027., 6124., 6068., 6187., 6002., 6047., 6165., 6016., 6171., 6004., 6059., 6231., 6014., 6147., 6013., 6080., 6185., 6002., 6101., 6055., 6088., 6178., 6018., 6013., 6147., 6046.}"
18,19,"conv4_1","relu4_1","Convolution","Elementwise",4997.,5069.0333,5402.,151.,152.4,194.,5259.,5339.9667,5567.,262.,270.93330000000003,165.,5108.,5187.5667,5373.,"{5402., 5224., 5219., 5043., 5195., 5025., 5215., 5031., 5185., 5003., 5169., 5007., 5185., 5029., 5185., 5033., 5166., 5021., 5166., 5022., 5187., 5011., 5165., 5018., 5156., 5016., 5185., 5017., 5138., 5016., 5131., 5001., 5092., 5025., 5126., 5013., 5092., 5048., 5072., 5010., 5039., 5023., 5033., 5020., 5041., 5042., 5040., 5016., 5048., 4997.}","{194., 161., 154., 153., 159., 152., 153., 160., 152., 153., 152., 152., 152., 153., 152., 152., 166., 152., 153., 152., 153., 152., 153., 156., 152., 154., 152., 152., 153., 152., 152., 152., 152., 153., 152., 152., 152., 152., 152., 153., 152., 151., 152., 153., 152., 152., 153., 151., 153., 153.}","{5567., 5531., 5366., 5458., 5279., 5439., 5298., 5416., 5270., 5412., 5260., 5328., 5287., 5303., 5362., 5296., 5429., 5277., 5426., 5303., 5412., 5281., 5403., 5259., 5416., 5282., 5314., 5288., 5304., 5343., 5297., 5462., 5274., 5444., 5291., 5433., 5304., 5421., 5281., 5409., 5265., 5291., 5321., 5301., 5402., 5307., 5434., 5265., 5456., 5296.}"
19,20,"relu4_1","conv4_2","Elementwise","Convolution",210.,212.10000000000002,245.,10086.,10228.9667,10706.,10200.,10345.3333,16747.,9990.,10133.2333,16502.,114.,116.36670000000001,6041.,"{245., 215., 213., 211., 211., 212., 227., 214., 212., 210., 212., 210., 212., 210., 211., 213., 212., 211., 212., 219., 212., 211., 212., 213., 215., 213., 213., 212., 212., 210., 212., 212., 212., 213., 211., 212., 213., 210., 213., 212., 212., 212., 211., 225., 212., 212., 212., 210., 213., 212.}","{10706., 10498., 10349., 10329., 10296., 10326., 10236., 10220., 10172., 10159., 10123., 10111., 10138., 10095., 10124., 10136., 10140., 10096., 10086., 10108., 10096., 10093., 10125., 10133., 10175., 10222., 10218., 10248., 10260., 10282., 10255., 10268., 10270., 10236., 10237., 10242., 10282., 10263., 10245., 10297., 10260., 10315., 10292., 10245., 10262., 10294., 10285., 10245., 10287., 10248.}","{16747., 16611., 16514., 16351., 16353., 16292., 16525., 16298., 16448., 12670., 10404., 10330., 10272., 10240., 10217., 10221., 10258., 10233., 10257., 10225., 10321., 10325., 10334., 10333., 10486., 10399., 10365., 10377., 10381., 10383., 10376., 10381., 10386., 10411., 10368., 10388., 10341., 10387., 10385., 10368., 10332., 10288., 10220., 10211., 10213., 10218., 10212., 10200., 10251., 10227.}"
20,21,"conv4_2","relu4_2","Convolution","Elementwise",10089.,10231.7,10646.,153.,153.76670000000001,214.,10362.,10521.4333,10926.,273.,289.7333,280.,10209.,10367.6667,10712.,"{10646., 10446., 10311., 10349., 10314., 10266., 10252., 10266., 10274., 10280., 10263., 10234., 10271., 10235., 10239., 10227., 10157., 10156., 10144., 10118., 10129., 10120., 10110., 10143., 10108., 10100., 10097., 10106., 10100., 10089., 10140., 10142., 10199., 10219., 10247., 10255., 10284., 10268., 10260., 10263., 10279., 10281., 10268., 10271., 10256., 10263., 10256., 10274., 10265., 10252.}","{214., 164., 155., 154., 155., 153., 154., 154., 168., 154., 154., 154., 153., 154., 153., 153., 154., 154., 153., 153., 154., 154., 154., 154., 154., 153., 154., 153., 153., 154., 154., 154., 154., 154., 162., 153., 154., 154., 154., 153., 154., 153., 154., 153., 154., 153., 153., 154., 153., 153.}","{10926., 10711., 10643., 10558., 10571., 10588., 10568., 10552., 10526., 10445., 10400., 10398., 10397., 10391., 10475., 10534., 10587., 10535., 10533., 10572., 10532., 10548., 10533., 10518., 10564., 10517., 10519., 10513., 10451., 10446., 10378., 10401., 10374., 10362., 10461., 10482., 10578., 10541., 10501., 10548., 10519., 10510., 10578., 10514., 10620., 10535., 10525., 10585., 10512., 10448.}"
21,22,"relu4_2","conv4_3","Elementwise","Convolution",211.,212.0667,243.,10062.,10232.1667,10677.,10191.,10370.7,16716.,9980.,10158.633300000001,16473.,129.,138.5333,6039.,"{243., 229., 214., 212., 212., 212., 212., 212., 212., 212., 213., 211., 213., 211., 221., 212., 211., 211., 211., 214., 226., 213., 212., 211., 213., 212., 213., 211., 211., 213., 211., 212., 211., 213., 212., 211., 213., 211., 211., 225., 214., 212., 211., 211., 213., 211., 213., 212., 212., 212.}","{10677., 10487., 10358., 10295., 10302., 10272., 10280., 10257., 10315., 10283., 10258., 10265., 10265., 10254., 10237., 10212., 10244., 10164., 10151., 10129., 10086., 10062., 10112., 10083., 10092., 10124., 10340., 10137., 10147., 10134., 10087., 10130., 10110., 10202., 10195., 10213., 10250., 10400., 10277., 10252., 10268., 10232., 10298., 10270., 10257., 10240., 10251., 10234., 10289., 10264.}","{16716., 16316., 10445., 10467., 10417., 10384., 10363., 10417., 10430., 10392., 10416., 10410., 10366., 10372., 10389., 10345., 10375., 10386., 10351., 10344., 10315., 10309., 10348., 10218., 10203., 10231., 10213., 10215., 10191., 10250., 10285., 10282., 10348., 10380., 10411., 10365., 10334., 10390., 10388., 10379., 10397., 10404., 10415., 10369., 10362., 10381., 10366., 10400., 10363., 10355.}"
22,23,"conv4_3","relu4_3","Convolution","Elementwise",10068.,10205.2333,10680.,154.,155.8667,205.,10363.,10530.633300000001,10844.,295.,325.40000000000003,164.,10209.,10374.7667,10639.,"{10680., 10504., 10364., 10298., 10330., 10276., 10292., 10308., 10268., 10281., 10250., 10267., 10261., 10239., 10269., 10271., 10329., 10259., 10363., 10212., 10190., 10203., 10146., 10155., 10104., 10113., 10068., 10099., 10099., 10115., 10085., 10098., 10083., 10119., 10113., 10114., 10111., 10072., 10106., 10096., 10134., 10207., 10190., 10189., 10251., 10279., 10233., 10252., 10217., 10254.}","{205., 160., 159., 156., 158., 157., 155., 156., 162., 157., 155., 157., 158., 155., 165., 156., 156., 155., 157., 155., 157., 159., 167., 155., 156., 156., 156., 156., 155., 155., 157., 155., 155., 156., 154., 155., 155., 156., 155., 154., 154., 156., 156., 155., 154., 155., 156., 165., 155., 156.}","{10844., 10674., 10658., 10622., 10561., 10554., 10564., 10583., 10556., 10552., 10541., 10551., 10559., 10504., 10455., 10391., 10411., 10427., 10398., 10527., 10519., 10582., 10577., 10542., 10537., 10590., 10499., 10536., 10520., 10504., 10532., 10545., 10546., 10451., 10372., 10371., 10363., 10389., 10389., 10460., 10530., 10648., 10570., 10523., 10510., 10544., 10568., 10514., 10538., 10528.}"
23,24,"relu4_3","pool4","Elementwise","Pooling",211.,212.4,247.,507.,510.5667,549.,624.,842.1,1296.,413.,629.7,1049.,117.,331.5333,747.,"{247., 214., 213., 213., 214., 214., 212., 212., 213., 213., 212., 213., 212., 212., 213., 229., 212., 212., 212., 212., 212., 212., 213., 213., 212., 211., 211., 220., 211., 213., 213., 211., 213., 226., 214., 213., 211., 212., 212., 212., 214., 212., 211., 212., 213., 212., 212., 212., 212., 212.}","{526., 519., 509., 508., 507., 519., 509., 518., 509., 509., 507., 508., 508., 521., 509., 508., 508., 507., 549., 508., 508., 529., 509., 508., 508., 508., 518., 508., 510., 522., 511., 511., 510., 510., 510., 511., 524., 511., 510., 510., 519., 510., 511., 510., 527., 520., 511., 510., 510., 510.}","{1225., 1296., 1208., 1209., 1217., 1205., 1209., 1223., 1207., 1194., 1219., 1206., 1204., 1206., 1230., 1195., 1206., 1256., 1210., 1209., 1124., 656., 628., 625., 629., 626., 624., 672., 633., 630., 630., 630., 629., 644., 630., 630., 636., 630., 631., 644., 640., 629., 630., 629., 630., 642., 630., 630., 630., 631.}"
24,25,"pool4","conv5_1","Pooling","Convolution",1012.,1026.7,1057.,2427.,2495.7000000000003,2635.,2923.,2982.5667000000003,3898.,1911.,1955.8667,2841.,496.,486.86670000000004,1263.,"{1057., 1025., 1040., 1023., 1012., 1024., 1026., 1024., 1023., 1025., 1026., 1021., 1024., 1028., 1025., 1022., 1023., 1035., 1021., 1026., 1037., 1039., 1026., 1025., 1026., 1038., 1026., 1016., 1015., 1046., 1026., 1026., 1026., 1040., 1026., 1016., 1025., 1039., 1026., 1033., 1025., 1039., 1026., 1026., 1038., 1026., 1025., 1025., 1042., 1032.}","{2629., 2499., 2449., 2572., 2522., 2481., 2465., 2550., 2544., 2466., 2451., 2576., 2502., 2467., 2476., 2572., 2519., 2459., 2427., 2598., 2514., 2462., 2469., 2568., 2540., 2463., 2477., 2621., 2523., 2466., 2494., 2596., 2496., 2476., 2454., 2613., 2481., 2448., 2467., 2616., 2479., 2455., 2469., 2631., 2477., 2450., 2484., 2635., 2465., 2454.}","{3898., 2984., 2989., 3038., 2945., 2951., 3107., 2941., 2946., 3056., 3005., 2927., 2969., 3031., 2970., 2935., 3120., 2942., 2961., 3064., 3023., 2956., 2957., 3025., 2952., 2966., 3103., 2930., 2952., 3084., 3028., 2923., 2947., 3048., 2937., 2923., 3155., 2944., 2975., 3020., 3033., 2955., 2945., 3030., 2960., 2975., 3113., 2942., 2958., 3031.}"
25,26,"conv5_1","relu5_1","Convolution","Elementwise",2449.,2493.2667,2662.,72.,73.,99.,2503.,2561.3333000000002,4748.,54.,68.0667,2086.,2431.,2488.3333000000002,4649.,"{2602., 2662., 2449., 2473., 2455., 2614., 2470., 2483., 2474., 2644., 2452., 2497., 2467., 2614., 2489., 2484., 2470., 2607., 2459., 2457., 2468., 2614., 2476., 2458., 2495., 2583., 2451., 2457., 2513., 2569., 2483., 2461., 2482., 2593., 2452., 2459., 2511., 2577., 2461., 2461., 2511., 2584., 2460., 2488., 2518., 2566., 2459., 2468., 2494., 2570.}","{99., 77., 74., 74., 74., 74., 73., 73., 73., 73., 74., 73., 73., 74., 73., 73., 73., 73., 73., 73., 72., 73., 72., 74., 73., 73., 73., 73., 72., 73., 73., 72., 72., 73., 72., 72., 72., 73., 73., 72., 73., 72., 73., 82., 74., 73., 73., 73., 73., 72.}","{2672., 2595., 2628., 2610., 2529., 2638., 2587., 2507., 2541., 2659., 2553., 2543., 2529., 2693., 2537., 2514., 2534., 2700., 2507., 2530., 2504., 2683., 2561., 2546., 2533., 2681., 2503., 2522., 2526., 2672., 2524., 2528., 2523., 2638., 2510., 2515., 2583., 2594., 2552., 2546., 2624., 2590., 2533., 2508., 2658., 2563., 2510., 2516., 2720., 4748.}"
26,27,"relu5_1","conv5_2","Elementwise","Convolution",72.,72.86670000000001,102.,2443.,2485.9333,2677.,2460.,2535.9333,4870.,2388.,2463.0667000000003,4768.,17.,50.,2193.,"{94., 75., 73., 73., 73., 73., 72., 73., 73., 72., 73., 72., 73., 73., 72., 72., 72., 73., 73., 72., 73., 72., 73., 72., 81., 76., 72., 73., 73., 73., 73., 72., 73., 72., 73., 73., 73., 72., 73., 72., 72., 84., 73., 73., 102., 83., 74., 74., 76., 78.}","{2588., 2475., 2652., 2481., 2480., 2446., 2631., 2478., 2444., 2491., 2608., 2461., 2480., 2463., 2677., 2487., 2446., 2484., 2633., 2446., 2470., 2446., 2633., 2469., 2453., 2463., 2656., 2463., 2460., 2452., 2624., 2469., 2457., 2480., 2636., 2464., 2464., 2447., 2626., 2465., 2443., 2472., 2654., 2475., 2484., 2449., 2640., 2484., 2448., 2486.}","{4870., 4705., 4839., 3470., 2506., 2639., 2509., 2485., 2512., 2671., 2488., 2501., 2505., 2637., 2525., 2501., 2484., 2644., 2492., 2516., 2491., 2640., 2533., 2512., 2531., 2590., 2467., 2500., 2598., 2568., 2521., 2515., 2566., 2578., 2494., 2476., 2596., 2544., 2515., 2505., 2592., 2526., 2530., 2460., 2632., 2524., 2477., 2520., 2661., 2507.}"
27,28,"conv5_2","relu5_2","Convolution","Elementwise",2446.,2673.7667,4734.,59.,60.400000000000006,88.,2499.,2586.4667,4810.,53.,-87.3,76.,2440.,2526.0667000000003,4722.,"{2610., 2497., 2481., 2488., 2586., 2458., 2446., 2527., 2510., 2482., 2465., 2526., 2518., 2466., 4645., 4653., 4568., 4664., 4567., 4717., 4584., 4734., 4573., 4708., 4559., 4693., 2633., 2504., 2481., 2631., 2471., 2476., 2481., 2608., 2479., 2476., 2461., 2641., 2475., 2468., 2579., 2633., 2469., 2485., 2454., 2649., 2487., 2472., 2492., 2652.}","{88., 64., 60., 60., 61., 60., 60., 61., 60., 60., 60., 61., 60., 60., 75., 62., 59., 60., 60., 60., 60., 60., 60., 60., 61., 60., 69., 61., 61., 60., 61., 60., 61., 60., 60., 60., 61., 61., 60., 61., 62., 60., 61., 62., 61., 60., 60., 61., 60., 61.}","{2658., 2531., 2675., 2504., 2562., 2535., 2651., 2531., 2528., 2528., 2621., 2499., 2515., 2597., 2585., 2521., 2542., 2608., 2595., 2547., 2505., 2674., 2583., 2522., 2529., 2701., 4738., 4810., 4732., 4763., 4744., 4714., 4764., 4702., 3511., 2544., 2528., 2637., 2575., 2524., 2545., 2642., 2563., 2526., 2523., 2700., 2545., 2527., 2541., 2694.}"
28,29,"relu5_2","conv5_3","Elementwise","Convolution",59.,60.3333,86.,2442.,2500.1,2581.,2484.,2564.9,4823.,2425.,2504.5667000000003,4737.,42.,64.8,2242.,"{86., 64., 60., 60., 61., 60., 60., 61., 60., 60., 60., 60., 68., 61., 61., 61., 60., 60., 60., 60., 60., 60., 60., 60., 60., 60., 60., 60., 60., 60., 61., 61., 61., 74., 61., 60., 60., 60., 61., 61., 60., 61., 61., 59., 61., 60., 61., 60., 62., 60.}","{2581., 2472., 2468., 2514., 2552., 2465., 2448., 2530., 2532., 2483., 2462., 2520., 2521., 2463., 2447., 2515., 2535., 2476., 2462., 2512., 2537., 2476., 2442., 2533., 2514., 2474., 2464., 2527., 2541., 2456., 2442., 2578., 2519., 2483., 2490., 2543., 2536., 2464., 2453., 2555., 2543., 2491., 2478., 2544., 2568., 2487., 2450., 2562., 2517., 2470.}","{4711., 4823., 4650., 4784., 4621., 4755., 4701., 4669., 4706., 3625., 2681., 2534., 2504., 2490., 2672., 2502., 2484., 2522., 2695., 2504., 2523., 2493., 2656., 2509., 2501., 2514., 2653., 2484., 2522., 2508., 2623., 2537., 2486., 2565., 2676., 2500., 2524., 2552., 2594., 2508., 2500., 2560., 2559., 2512., 2492., 2572., 2549., 2523., 2527., 2569.}"
29,30,"conv5_3","relu5_3","Convolution","Elementwise",2435.,2490.7667,2649.,53.,53.7667,85.,2509.,2555.2667,2709.,74.,64.5,60.,2456.,2501.5,2624.,"{2581., 2649., 2485., 2441., 2489., 2643., 2447., 2488., 2468., 2621., 2483., 2458., 2478., 2626., 2469., 2471., 2464., 2634., 2479., 2455., 2473., 2615., 2450., 2484., 2462., 2631., 2471., 2465., 2470., 2639., 2471., 2465., 2469., 2640., 2467., 2477., 2470., 2622., 2445., 2488., 2470., 2606., 2463., 2435., 2471., 2605., 2446., 2458., 2468., 2625.}","{85., 58., 55., 55., 54., 53., 55., 54., 54., 53., 54., 54., 54., 55., 54., 54., 54., 68., 54., 54., 54., 54., 53., 54., 54., 53., 53., 54., 53., 54., 53., 53., 54., 54., 53., 53., 54., 53., 53., 54., 54., 54., 54., 54., 53., 53., 53., 53., 53., 54.}","{2660., 2537., 2639., 2528., 2525., 2562., 2642., 2535., 2509., 2611., 2569., 2543., 2512., 2646., 2597., 2545., 2509., 2687., 2546., 2529., 2526., 2677., 2509., 2553., 2531., 2709., 2527., 2512., 2548., 2698., 2529., 2573., 2525., 2673., 2521., 2540., 2537., 2664., 2510., 2545., 2579., 2572., 2523., 2532., 2609., 2608., 2526., 2513., 2667., 2557.}"
30,31,"relu5_3","pool5","Elementwise","Pooling",56.,57.1,86.,215.,216.60000000000002,233.,249.,250.26670000000001,275.,193.,193.16670000000002,189.,34.,33.6667,42.,"{86., 63., 57., 58., 57., 57., 57., 57., 57., 58., 57., 58., 57., 57., 58., 57., 56., 57., 69., 60., 57., 57., 57., 57., 57., 58., 57., 57., 57., 57., 64., 60., 61., 57., 57., 56., 57., 57., 57., 57., 57., 57., 57., 57., 56., 57., 57., 56., 56., 58.}","{233., 218., 216., 226., 216., 215., 215., 215., 216., 215., 215., 215., 216., 215., 215., 216., 215., 216., 215., 216., 215., 227., 218., 216., 217., 218., 217., 216., 216., 218., 217., 217., 217., 217., 222., 217., 216., 217., 217., 218., 223., 218., 217., 217., 217., 217., 217., 217., 217., 217.}","{275., 253., 250., 250., 265., 251., 249., 250., 250., 250., 250., 250., 251., 250., 250., 257., 251., 250., 250., 250., 261., 252., 250., 250., 250., 250., 250., 251., 250., 250., 251., 250., 251., 250., 250., 261., 251., 250., 249., 250., 266., 255., 251., 250., 250., 251., 250., 250., 250., 250.}"
31,32,"pool5","flatten_0","Pooling","Flatten",216.,217.0667,234.,26.,26.2667,49.,153.,154.,236.,-63.,-63.066700000000004,2.,127.,127.7333,187.,"{234., 219., 217., 217., 217., 218., 226., 218., 217., 217., 222., 217., 217., 217., 217., 217., 217., 217., 217., 217., 216., 217., 217., 217., 217., 232., 218., 218., 217., 217., 217., 217., 217., 217., 217., 217., 217., 218., 217., 217., 217., 217., 218., 227., 217., 217., 217., 217., 217., 216.}","{49., 30., 27., 27., 27., 27., 27., 27., 26., 26., 26., 26., 27., 27., 26., 26., 26., 26., 27., 26., 26., 26., 26., 26., 26., 26., 26., 27., 26., 26., 26., 26., 27., 26., 26., 27., 26., 27., 26., 27., 26., 26., 27., 26., 26., 26., 26., 26., 26., 27.}","{236., 220., 217., 217., 217., 217., 217., 218., 224., 181., 156., 153., 153., 153., 153., 153., 153., 153., 153., 154., 153., 154., 153., 153., 153., 153., 153., 153., 153., 153., 153., 153., 153., 162., 154., 153., 153., 153., 161., 153., 153., 153., 153., 153., 154., 153., 153., 153., 153., 159.}"
32,33,"flatten_0","fc6","Flatten","Linear",26.,26.2667,44.,8048.,8112.1333,14991.,7984.,8053.700000000001,15194.,7958.,8027.433300000001,15150.,-64.,-58.4333,203.,"{44., 29., 27., 27., 27., 27., 26., 26., 27., 26., 26., 26., 26., 26., 26., 26., 26., 27., 26., 26., 27., 26., 26., 27., 27., 26., 26., 27., 26., 26., 26., 27., 26., 27., 26., 26., 27., 27., 26., 26., 26., 26., 26., 26., 26., 26., 26., 27., 26., 27.}","{14991., 14915., 14757., 14741., 11898., 8203., 8128., 8137., 8119., 8126., 8105., 8055., 8122., 8155., 8133., 8128., 8066., 8052., 8148., 8094., 8110., 8085., 8073., 8105., 8106., 8107., 8104., 8059., 8099., 8099., 8095., 8094., 8049., 8099., 8097., 8104., 8095., 8048., 8069., 8086., 8121., 8099., 8078., 8060., 8090., 8174., 8436., 8732., 8503., 8512.}","{15194., 13496., 8245., 8193., 8141., 8134., 8070., 8108., 8157., 8110., 8055., 8026., 8007., 8064., 8069., 8060., 8023., 8011., 8043., 8052., 8070., 8031., 8047., 8056., 8044., 8037., 8046., 7990., 8031., 8068., 8057., 8063., 7984., 8037., 8059., 8043., 8057., 7984., 8065., 8050., 8059., 8049., 8001., 8056., 8068., 8066., 8055., 8033., 8031., 8052.}"
33,34,"fc6","relu6","Linear","Elementwise",8005.,8089.3333,14962.,34.,35.066700000000004,60.,8045.,8097.400000000001,14990.,40.,8.0667,28.,8011.,8062.3333,14930.,"{14962., 13943., 8240., 8201., 8146., 8104., 8072., 8101., 8098., 8104., 8109., 8038., 8090., 8116., 8160., 8072., 8051., 8066., 8091., 8113., 8100., 8066., 8057., 8094., 8107., 8097., 8087., 8085., 8091., 8149., 8075., 8085., 8010., 8075., 8080., 8107., 8075., 8005., 8068., 8079., 8140., 8117., 8099., 8059., 8087., 8101., 8068., 8053., 8039., 8061.}","{60., 39., 37., 36., 35., 35., 35., 36., 35., 35., 35., 36., 35., 35., 35., 35., 35., 36., 35., 35., 35., 35., 35., 35., 35., 35., 35., 36., 35., 36., 35., 35., 35., 35., 49., 37., 35., 35., 35., 35., 35., 35., 34., 35., 35., 36., 34., 35., 35., 35.}","{14990., 12213., 8201., 8140., 8141., 8129., 8124., 8105., 8052., 8118., 8124., 8110., 8112., 8048., 8107., 8112., 8095., 8099., 8083., 8076., 8100., 8098., 8130., 8089., 8063., 8107., 8092., 8090., 8127., 8050., 8104., 8098., 8096., 8104., 8065., 8093., 8087., 8077., 8100., 8083., 8066., 8083., 8096., 8079., 8081., 8045., 8093., 8086., 8099., 8102.}"
34,35,"relu6","drop6","Elementwise","Dropout",21.,30.3667,73.,19.,19.3333,89.,27.,27.900000000000002,42.,6.,-2.4667000000000003,-31.,8.,8.5667,-47.,"{46., 39., 36., 36., 35., 36., 35., 36., 35., 35., 35., 35., 35., 35., 35., 35., 36., 35., 35., 35., 35., 36., 73., 64., 24., 21., 27., 27., 26., 26., 27., 26., 27., 26., 26., 26., 26., 26., 26., 26., 26., 26., 27., 26., 26., 26., 26., 26., 26., 26.}","{40., 22., 21., 20., 20., 19., 19., 29., 89., 20., 19., 19., 19., 19., 19., 20., 19., 19., 19., 19., 19., 20., 19., 19., 19., 19., 28., 30., 23., 19., 19., 20., 19., 19., 20., 29., 20., 19., 19., 19., 19., 19., 19., 21., 20., 19., 19., 19., 20., 19.}","{42., 30., 28., 28., 28., 28., 28., 27., 27., 28., 28., 28., 28., 27., 28., 28., 28., 28., 28., 28., 27., 28., 28., 28., 27., 28., 28., 27., 28., 28., 28., 27., 27., 29., 28., 28., 28., 28., 27., 27., 28., 27., 27., 28., 28., 28., 28., 28., 28., 27.}"
35,36,"drop6","fc7","Dropout","Linear",18.,19.0667,36.,1296.,1343.,1439.,1305.,1661.0333,2468.,1287.,1641.9667000000002,2432.,9.,318.0333,1029.,"{36., 21., 20., 20., 19., 20., 19., 19., 20., 19., 19., 19., 19., 19., 19., 36., 19., 20., 19., 19., 19., 19., 18., 19., 19., 19., 20., 19., 19., 19., 19., 19., 19., 19., 19., 19., 19., 20., 19., 19., 19., 19., 19., 19., 18., 20., 18., 20., 18., 19.}","{1418., 1439., 1390., 1378., 1369., 1353., 1362., 1347., 1379., 1391., 1348., 1336., 1356., 1340., 1331., 1357., 1393., 1334., 1351., 1339., 1331., 1346., 1348., 1402., 1383., 1333., 1331., 1343., 1334., 1328., 1380., 1371., 1329., 1328., 1306., 1313., 1326., 1298., 1344., 1361., 1310., 1303., 1325., 1296., 1304., 1353., 1336., 1303., 1313., 1296.}","{2453., 2403., 2468., 2382., 2383., 2374., 2407., 2367., 2342., 2347., 2400., 2339., 2346., 2321., 2374., 2341., 2322., 2320., 2294., 1960., 1371., 1337., 1351., 1325., 1321., 1348., 1367., 1319., 1338., 1310., 1312., 1331., 1312., 1378., 1358., 1309., 1314., 1340., 1307., 1308., 1334., 1370., 1314., 1329., 1310., 1305., 1328., 1310., 1357., 1383.}"
36,37,"fc7","relu7","Linear","Elementwise",1304.,1336.1667,1421.,24.,24.5333,44.,1290.,1322.8,1398.,-14.,-13.3667,-23.,1266.,1298.2667000000001,1354.,"{1394., 1370., 1383., 1421., 1358., 1365., 1344., 1340., 1359., 1334., 1373., 1374., 1332., 1321., 1346., 1321., 1330., 1368., 1345., 1334., 1349., 1327., 1320., 1334., 1315., 1358., 1352., 1318., 1311., 1332., 1314., 1307., 1363., 1339., 1313., 1335., 1313., 1306., 1331., 1304., 1356., 1348., 1312., 1309., 1334., 1306., 1306., 1359., 1344., 1315.}","{44., 28., 26., 25., 25., 24., 24., 25., 25., 25., 24., 26., 24., 25., 25., 24., 25., 25., 24., 24., 24., 25., 25., 24., 24., 25., 24., 24., 25., 24., 25., 25., 24., 25., 24., 25., 24., 25., 24., 25., 25., 24., 25., 24., 24., 24., 25., 24., 24., 24.}","{1384., 1387., 1361., 1343., 1398., 1363., 1330., 1348., 1326., 1320., 1343., 1324., 1375., 1329., 1315., 1317., 1332., 1309., 1311., 1369., 1332., 1309., 1332., 1308., 1306., 1328., 1305., 1365., 1326., 1306., 1311., 1322., 1298., 1296., 1358., 1325., 1298., 1319., 1301., 1299., 1312., 1310., 1339., 1343., 1297., 1307., 1311., 1293., 1290., 1345.}"
37,38,"relu7","drop7","Elementwise","Dropout",24.,24.700000000000003,42.,24.,24.1,40.,24.,24.8,46.,0.,0.1,4.,0.,0.7000000000000001,6.,"{42., 28., 26., 25., 25., 24., 25., 25., 24., 24., 25., 24., 25., 24., 24., 25., 25., 25., 24., 25., 25., 24., 25., 25., 24., 25., 24., 25., 24., 25., 25., 24., 24., 25., 24., 24., 25., 24., 25., 25., 25., 24., 25., 24., 25., 25., 36., 25., 25., 24.}","{40., 27., 25., 25., 24., 25., 24., 24., 24., 24., 24., 25., 24., 25., 24., 24., 24., 24., 24., 24., 24., 24., 25., 24., 24., 24., 24., 24., 24., 25., 24., 24., 24., 24., 24., 24., 24., 25., 24., 24., 24., 24., 25., 24., 37., 25., 24., 24., 24., 24.}","{42., 27., 25., 25., 25., 25., 25., 25., 24., 25., 25., 24., 25., 25., 25., 24., 24., 25., 24., 24., 25., 25., 46., 25., 25., 24., 24., 25., 25., 25., 24., 25., 24., 25., 25., 24., 25., 25., 24., 24., 25., 25., 24., 25., 25., 25., 24., 25., 25., 24.}"
38,39,"drop7","fc8_101","Dropout","Linear",24.,24.2333,40.,39.,40.1,88.,40.,40.2667,105.,16.,16.0333,65.,1.,0.16670000000000001,17.,"{40., 27., 25., 25., 25., 24., 24., 25., 24., 25., 24., 25., 24., 24., 24., 25., 24., 24., 24., 24., 24., 24., 25., 24., 24., 24., 24., 25., 24., 24., 24., 24., 25., 24., 24., 24., 24., 24., 24., 25., 24., 24., 24., 34., 25., 25., 25., 24., 24., 24.}","{88., 46., 42., 41., 41., 41., 41., 40., 40., 41., 40., 40., 40., 40., 40., 40., 40., 40., 40., 40., 40., 40., 39., 40., 41., 40., 40., 40., 40., 40., 40., 40., 41., 41., 40., 40., 41., 40., 40., 39., 40., 40., 40., 40., 40., 40., 40., 41., 40., 40.}","{105., 47., 43., 42., 46., 41., 41., 41., 41., 40., 40., 41., 41., 40., 40., 40., 41., 40., 40., 40., 40., 40., 40., 40., 40., 40., 41., 41., 40., 40., 40., 41., 40., 40., 40., 40., 40., 40., 41., 40., 40., 40., 40., 40., 40., 40., 41., 40., 40., 41.}"
39,40,"fc8_101","prob","Linear","Softmax",40.,40.3333,96.,24.,24.8667,40.,42.,42.1667,90.,2.,1.8333000000000002,-6.,18.,17.3,50.,"{96., 47., 42., 42., 41., 41., 41., 40., 40., 41., 40., 40., 40., 40., 40., 40., 41., 40., 41., 40., 40., 41., 40., 41., 40., 40., 41., 40., 53., 41., 40., 41., 40., 40., 40., 40., 40., 40., 40., 40., 40., 40., 61., 40., 40., 47., 41., 41., 40., 40.}","{40., 27., 25., 25., 26., 25., 24., 24., 25., 25., 25., 24., 25., 25., 24., 25., 25., 25., 24., 25., 24., 25., 33., 25., 25., 25., 25., 24., 24., 25., 25., 25., 25., 25., 25., 25., 25., 24., 25., 25., 24., 24., 25., 25., 25., 25., 25., 24., 24., 24.}","{90., 49., 43., 43., 42., 43., 42., 42., 43., 42., 43., 42., 42., 42., 43., 42., 42., 42., 42., 43., 42., 42., 42., 42., 42., 43., 42., 43., 42., 43., 42., 42., 42., 42., 42., 43., 42., 42., 43., 42., 42., 43., 42., 42., 42., 42., 42., 42., 42., 42.}"
