141,142,"linear1000","softmax","Linear","Softmax",212.,214.0667,253.,42.,42.3333,55.,226.,230.4,286.,14.,16.3333,33.,184.,188.0667,231.,"{253., 222., 216., 215., 215., 214., 213., 214., 213., 215., 213., 213., 213., 212., 215., 214., 228., 216., 213., 213., 213., 215., 213., 215., 213., 213., 212., 214., 213., 246., 228., 226., 227., 226., 243., 214., 213., 214., 214., 215., 213., 213., 215., 213., 214., 213., 213., 214., 216., 214.}","{55., 45., 43., 43., 43., 43., 42., 43., 42., 43., 42., 43., 42., 42., 42., 42., 43., 42., 42., 42., 42., 42., 43., 42., 43., 42., 42., 42., 42., 43., 42., 43., 42., 43., 43., 42., 43., 42., 43., 42., 42., 42., 42., 43., 42., 43., 42., 42., 42., 42.}","{286., 243., 233., 231., 229., 230., 230., 229., 243., 232., 232., 230., 229., 230., 231., 230., 228., 229., 231., 231., 230., 230., 231., 230., 229., 243., 232., 232., 231., 228., 228., 230., 231., 230., 228., 228., 230., 264., 264., 247., 245., 255., 242., 231., 227., 227., 227., 226., 226., 227.}"
33,34,"fc6","relu6","Linear","Elementwise",7986.,8078.8667000000005,8258.,24.,25.,50.,8007.,8074.8667000000005,8261.,21.,-4.,3.,7983.,8049.8667000000005,8211.,"{8258., 8149., 8168., 8167., 8143., 8162., 8094., 8089., 8098., 8104., 8107., 8079., 8065., 8097., 8083., 8105., 8115., 8030., 8090., 8086., 8091., 8083., 8042., 8068., 8071., 8080., 8078., 8016., 8090., 8077., 8096., 8063., 8043., 8051., 8074., 8078., 8088., 8064., 8055., 8062., 8067., 8084., 8049., 8023., 8061., 8059., 8065., 8086., 7986., 8047.}","{50., 28., 27., 25., 25., 25., 25., 25., 25., 25., 25., 25., 25., 25., 24., 25., 25., 24., 25., 25., 24., 24., 25., 25., 25., 25., 25., 25., 25., 25., 25., 25., 24., 26., 25., 24., 25., 25., 24., 25., 24., 25., 25., 25., 25., 25., 25., 25., 25., 25.}","{8261., 8191., 8157., 8090., 8137., 8121., 8120., 8107., 8093., 8065., 8093., 8082., 8086., 8116., 8050., 8089., 8097., 8076., 8110., 8017., 8065., 8092., 8069., 8091., 8013., 8069., 8105., 8066., 8068., 8018., 8039., 8082., 8076., 8062., 8040., 8043., 8061., 8085., 8062., 8039., 8013., 8064., 8065., 8075., 8039., 8007., 8065., 8059., 8091., 8058.}"
36,37,"fc7","relu7","Linear","Elementwise",1290.,1321.7,1453.,24.,24.666700000000002,48.,1269.,1301.8333,1471.,-21.,-19.8667,18.,1245.,1277.1667,1423.,"{1453., 1447., 1376., 1363., 1373., 1336., 1334., 1379., 1368., 1316., 1331., 1320., 1310., 1336., 1310., 1359., 1357., 1304., 1316., 1322., 1305., 1299., 1359., 1340., 1299., 1316., 1304., 1300., 1316., 1295., 1340., 1347., 1295., 1293., 1317., 1299., 1297., 1328., 1365., 1294., 1318., 1302., 1297., 1315., 1290., 1339., 1351., 1298., 1295., 1323.}","{48., 28., 26., 25., 25., 25., 25., 25., 24., 24., 25., 25., 24., 25., 25., 24., 25., 25., 24., 25., 25., 24., 25., 25., 24., 25., 24., 24., 25., 24., 25., 25., 24., 24., 25., 24., 25., 25., 24., 24., 25., 24., 25., 25., 24., 25., 24., 24., 25., 24.}","{1471., 1430., 1372., 1398., 1338., 1342., 1312., 1314., 1376., 1294., 1294., 1297., 1308., 1308., 1296., 1351., 1324., 1288., 1304., 1285., 1286., 1297., 1284., 1343., 1339., 1272., 1276., 1306., 1283., 1276., 1332., 1332., 1274., 1308., 1279., 1278., 1305., 1278., 1318., 1448., 1277., 1272., 1296., 1271., 1273., 1290., 1329., 1288., 1282., 1269.}"
39,40,"fc8_101","prob","Linear","Softmax",40.,40.5,97.,24.,25.,43.,41.,42.4333,92.,1.,1.9333,-5.,17.,17.4333,49.,"{97., 48., 42., 41., 41., 41., 41., 41., 41., 40., 40., 40., 41., 40., 40., 41., 40., 41., 41., 40., 40., 41., 40., 40., 40., 41., 40., 40., 41., 40., 62., 40., 41., 40., 54., 42., 40., 40., 41., 40., 41., 41., 40., 40., 40., 40., 41., 41., 40., 40.}","{43., 27., 26., 26., 25., 25., 25., 25., 26., 25., 25., 25., 25., 25., 25., 25., 25., 25., 26., 25., 25., 25., 25., 25., 25., 25., 26., 25., 25., 25., 25., 25., 25., 24., 25., 25., 25., 26., 25., 25., 25., 25., 25., 25., 25., 25., 25., 25., 25., 25.}","{92., 50., 44., 43., 42., 42., 43., 42., 42., 42., 42., 42., 42., 43., 42., 43., 42., 42., 42., 43., 42., 41., 42., 42., 42., 42., 42., 42., 42., 42., 42., 42., 42., 42., 42., 42., 42., 42., 42., 42., 42., 51., 74., 50., 48., 48., 48., 48., 48., 48.}"
33,34,"fc6","relu6","Linear","Elementwise",8005.,8089.3333,14962.,34.,35.066700000000004,60.,8045.,8097.400000000001,14990.,40.,8.0667,28.,8011.,8062.3333,14930.,"{14962., 13943., 8240., 8201., 8146., 8104., 8072., 8101., 8098., 8104., 8109., 8038., 8090., 8116., 8160., 8072., 8051., 8066., 8091., 8113., 8100., 8066., 8057., 8094., 8107., 8097., 8087., 8085., 8091., 8149., 8075., 8085., 8010., 8075., 8080., 8107., 8075., 8005., 8068., 8079., 8140., 8117., 8099., 8059., 8087., 8101., 8068., 8053., 8039., 8061.}","{60., 39., 37., 36., 35., 35., 35., 36., 35., 35., 35., 36., 35., 35., 35., 35., 35., 36., 35., 35., 35., 35., 35., 35., 35., 35., 35., 36., 35., 36., 35., 35., 35., 35., 49., 37., 35., 35., 35., 35., 35., 35., 34., 35., 35., 36., 34., 35., 35., 35.}","{14990., 12213., 8201., 8140., 8141., 8129., 8124., 8105., 8052., 8118., 8124., 8110., 8112., 8048., 8107., 8112., 8095., 8099., 8083., 8076., 8100., 8098., 8130., 8089., 8063., 8107., 8092., 8090., 8127., 8050., 8104., 8098., 8096., 8104., 8065., 8093., 8087., 8077., 8100., 8083., 8066., 8083., 8096., 8079., 8081., 8045., 8093., 8086., 8099., 8102.}"
36,37,"fc7","relu7","Linear","Elementwise",1304.,1336.1667,1421.,24.,24.5333,44.,1290.,1322.8,1398.,-14.,-13.3667,-23.,1266.,1298.2667000000001,1354.,"{1394., 1370., 1383., 1421., 1358., 1365., 1344., 1340., 1359., 1334., 1373., 1374., 1332., 1321., 1346., 1321., 1330., 1368., 1345., 1334., 1349., 1327., 1320., 1334., 1315., 1358., 1352., 1318., 1311., 1332., 1314., 1307., 1363., 1339., 1313., 1335., 1313., 1306., 1331., 1304., 1356., 1348., 1312., 1309., 1334., 1306., 1306., 1359., 1344., 1315.}","{44., 28., 26., 25., 25., 24., 24., 25., 25., 25., 24., 26., 24., 25., 25., 24., 25., 25., 24., 24., 24., 25., 25., 24., 24., 25., 24., 24., 25., 24., 25., 25., 24., 25., 24., 25., 24., 25., 24., 25., 25., 24., 25., 24., 24., 24., 25., 24., 24., 24.}","{1384., 1387., 1361., 1343., 1398., 1363., 1330., 1348., 1326., 1320., 1343., 1324., 1375., 1329., 1315., 1317., 1332., 1309., 1311., 1369., 1332., 1309., 1332., 1308., 1306., 1328., 1305., 1365., 1326., 1306., 1311., 1322., 1298., 1296., 1358., 1325., 1298., 1319., 1301., 1299., 1312., 1310., 1339., 1343., 1297., 1307., 1311., 1293., 1290., 1345.}"
39,40,"fc8_101","prob","Linear","Softmax",40.,40.3333,96.,24.,24.8667,40.,42.,42.1667,90.,2.,1.8333000000000002,-6.,18.,17.3,50.,"{96., 47., 42., 42., 41., 41., 41., 40., 40., 41., 40., 40., 40., 40., 40., 40., 41., 40., 41., 40., 40., 41., 40., 41., 40., 40., 41., 40., 53., 41., 40., 41., 40., 40., 40., 40., 40., 40., 40., 40., 40., 40., 61., 40., 40., 47., 41., 41., 40., 40.}","{40., 27., 25., 25., 26., 25., 24., 24., 25., 25., 25., 24., 25., 25., 24., 25., 25., 25., 24., 25., 24., 25., 33., 25., 25., 25., 25., 24., 24., 25., 25., 25., 25., 25., 25., 25., 25., 24., 25., 25., 24., 24., 25., 25., 25., 25., 25., 24., 24., 24.}","{90., 49., 43., 43., 42., 43., 42., 42., 43., 42., 43., 42., 42., 42., 43., 42., 42., 42., 42., 43., 42., 42., 42., 42., 42., 43., 42., 43., 42., 43., 42., 42., 42., 42., 42., 43., 42., 42., 43., 42., 42., 43., 42., 42., 42., 42., 42., 42., 42., 42.}"
47,48,"Reconstruct/1","Reconstruct/2","Linear","Elementwise",27.,27.8333,40.,19.,19.9667,32.,28.,28.2667,42.,1.,0.4333,2.,9.,8.3,10.,"{40., 29., 29., 27., 27., 27., 28., 28., 27., 27., 28., 28., 28., 27., 27., 28., 28., 27., 28., 28., 28., 28., 28., 27., 28., 28., 28., 28., 28., 28., 27., 28., 28., 28., 28., 28., 28., 27., 28., 28., 27., 28., 28., 27., 28., 27., 28., 28., 28., 27.}","{28., 21., 20., 20., 20., 19., 20., 20., 20., 20., 20., 19., 20., 20., 19., 20., 20., 20., 19., 20., 20., 20., 19., 20., 20., 20., 19., 20., 20., 20., 19., 20., 19., 20., 20., 19., 20., 20., 20., 19., 20., 20., 20., 20., 32., 20., 20., 19., 20., 20.}","{42., 30., 28., 28., 28., 28., 28., 28., 28., 28., 28., 29., 28., 29., 28., 28., 28., 29., 28., 28., 29., 28., 29., 28., 29., 28., 29., 28., 29., 28., 28., 29., 28., 29., 28., 29., 28., 29., 28., 29., 28., 29., 41., 29., 28., 28., 28., 28., 28., 28.}"
49,50,"Reconstruct/3","Reconstruct/4","Linear","Elementwise",52.,55.566700000000004,94.,28.,29.,41.,60.,62.9333,104.,8.,7.366700000000001,10.,32.,33.9333,63.,"{94., 59., 54., 82., 60., 59., 59., 59., 59., 59., 58., 59., 59., 59., 59., 59., 59., 59., 60., 58., 58., 65., 53., 68., 57., 53., 53., 52., 53., 53., 53., 52., 52., 52., 53., 53., 53., 55., 53., 52., 53., 53., 53., 52., 53., 53., 53., 52., 54., 53.}","{41., 31., 30., 30., 29., 29., 29., 29., 30., 29., 29., 29., 29., 29., 30., 29., 29., 29., 29., 29., 29., 29., 29., 29., 29., 29., 29., 29., 29., 29., 29., 29., 29., 30., 29., 29., 29., 29., 29., 30., 33., 30., 28., 28., 28., 29., 29., 29., 29., 28.}","{102., 104., 69., 68., 68., 68., 68., 69., 67., 66., 66., 68., 66., 65., 67., 67., 86., 64., 61., 63., 62., 63., 62., 62., 62., 62., 62., 62., 61., 62., 61., 62., 61., 61., 61., 62., 61., 62., 61., 62., 61., 61., 62., 61., 61., 61., 61., 61., 62., 60.}"
51,52,"Reconstruct/5","Reconstruct/6","Linear","Elementwise",91.,91.9,111.,31.,31.2667,44.,63.,64.6333,143.,-28.,-27.2667,32.,32.,33.3667,99.,"{111., 93., 92., 93., 92., 92., 93., 92., 92., 93., 91., 91., 92., 91., 92., 91., 102., 92., 91., 92., 92., 93., 93., 93., 92., 91., 92., 91., 92., 91., 92., 92., 92., 91., 92., 91., 92., 93., 91., 91., 91., 93., 92., 92., 91., 93., 93., 91., 91., 92.}","{44., 35., 33., 31., 32., 32., 31., 31., 32., 31., 31., 32., 31., 31., 31., 32., 31., 31., 31., 31., 32., 31., 40., 32., 31., 32., 31., 31., 32., 31., 31., 31., 32., 31., 31., 32., 31., 31., 31., 31., 31., 31., 31., 31., 32., 31., 31., 32., 31., 32.}","{142., 104., 103., 103., 143., 86., 69., 67., 66., 65., 64., 65., 66., 66., 65., 64., 64., 65., 64., 64., 64., 65., 63., 64., 65., 64., 64., 65., 65., 65., 65., 64., 64., 64., 65., 63., 64., 64., 65., 64., 64., 65., 64., 64., 64., 66., 64., 65., 63., 65.}"
33,34,"fc6","relu6","Linear","Elementwise",7996.,8072.6,8211.,25.,26.,51.,7972.,8067.1333,8246.,-24.,-5.4667,35.,7947.,8041.1333,8195.,"{8204., 8211., 8177., 8138., 8145., 8116., 8093., 8115., 8103., 8115., 8099., 8072., 8108., 8078., 8082., 8085., 8060., 8111., 8082., 8075., 8081., 8032., 8089., 8073., 8065., 8069., 8021., 8085., 8064., 8062., 8056., 8046., 8042., 8073., 8055., 8061., 8041., 8028., 8059., 8054., 8073., 8056., 8042., 8065., 8065., 8073., 8064., 7996., 8056., 8060.}","{51., 29., 27., 26., 26., 26., 26., 26., 26., 26., 26., 26., 26., 26., 26., 26., 27., 26., 26., 26., 26., 26., 27., 26., 26., 26., 26., 26., 26., 26., 26., 26., 26., 26., 26., 35., 26., 26., 26., 26., 26., 26., 26., 26., 25., 25., 25., 26., 27., 26.}","{8246., 8198., 8167., 8130., 8105., 8140., 8132., 8112., 8076., 8059., 8078., 8092., 8093., 8068., 8025., 8076., 8086., 8094., 8101., 8014., 8084., 8093., 8072., 8084., 8037., 8054., 8067., 8059., 8051., 8029., 8029., 8076., 8070., 8066., 8043., 8014., 8063., 8060., 8039., 8058., 8017., 8061., 8058., 8041., 8071., 7972., 8051., 8065., 8026., 8029.}"
36,37,"fc7","relu7","Linear","Elementwise",1270.,1300.8,1426.,24.,24.900000000000002,48.,1265.,1298.2667000000001,1443.,-5.,-2.5333,17.,1241.,1273.3667,1395.,"{1412., 1426., 1404., 1354., 1337., 1345., 1309., 1306., 1351., 1339., 1300., 1312., 1295., 1289., 1303., 1286., 1333., 1333., 1289., 1280., 1304., 1284., 1282., 1299., 1341., 1286., 1300., 1280., 1277., 1301., 1283., 1312., 1326., 1293., 1281., 1297., 1279., 1283., 1292., 1321., 1302., 1298., 1271., 1273., 1270., 1298., 1275., 1333., 1308., 1275.}","{48., 28., 27., 25., 25., 24., 24., 25., 25., 25., 25., 25., 25., 25., 25., 25., 25., 24., 24., 25., 25., 25., 25., 25., 24., 24., 25., 24., 25., 25., 25., 25., 25., 25., 25., 24., 24., 25., 25., 25., 24., 24., 25., 25., 25., 25., 25., 25., 24., 24.}","{1443., 1396., 1386., 1358., 1348., 1351., 1365., 1334., 1322., 1306., 1299., 1351., 1298., 1319., 1341., 1286., 1287., 1295., 1284., 1278., 1285., 1343., 1304., 1281., 1299., 1277., 1276., 1300., 1283., 1323., 1311., 1277., 1274., 1292., 1275., 1273., 1294., 1346., 1273., 1293., 1273., 1267., 1286., 1274., 1306., 1314., 1271., 1288., 1286., 1265.}"
39,40,"fc8_2","prob","Linear","Softmax",26.,26.166700000000002,55.,23.,24.,40.,26.,26.466700000000003,59.,0.,0.3,4.,3.,2.4667000000000003,19.,"{55., 30., 28., 27., 26., 26., 27., 26., 27., 26., 27., 26., 27., 26., 26., 26., 27., 26., 27., 26., 27., 26., 26., 26., 27., 26., 27., 26., 26., 26., 26., 26., 26., 26., 26., 26., 26., 26., 26., 26., 26., 26., 26., 26., 27., 26., 26., 26., 26., 27.}","{40., 27., 25., 24., 25., 24., 25., 24., 25., 24., 24., 25., 24., 24., 24., 24., 24., 24., 24., 24., 24., 24., 24., 24., 24., 24., 24., 24., 24., 24., 24., 24., 24., 24., 24., 24., 24., 24., 24., 24., 24., 24., 24., 23., 24., 24., 24., 24., 24., 23.}","{59., 30., 28., 27., 27., 26., 26., 27., 27., 27., 26., 26., 27., 27., 26., 26., 27., 27., 26., 26., 27., 26., 26., 27., 27., 26., 27., 27., 26., 26., 27., 26., 26., 27., 26., 27., 26., 26., 26., 27., 26., 26., 26., 26., 27., 26., 27., 26., 26., 27.}"
146,147,"loss3_classifier_sos","loss3_loss3","Linear","Softmax",25.,26.,44.,23.,24.,41.,25.,26.,66.,0.,0.,22.,2.,2.,25.,"{44., 29., 27., 26., 26., 26., 26., 26., 26., 26., 26., 26., 25., 26., 26., 26., 26., 25., 25., 26., 26., 26., 26., 26., 26., 26., 26., 26., 26., 26., 26., 26., 26., 26., 26., 26., 26., 26., 26., 26., 26., 26., 26., 26., 26., 26., 25., 26., 26., 26.}","{41., 27., 25., 25., 24., 25., 24., 24., 24., 24., 24., 24., 24., 24., 24., 24., 24., 24., 24., 24., 24., 25., 24., 24., 24., 25., 24., 24., 24., 24., 24., 24., 24., 24., 24., 24., 24., 24., 24., 24., 24., 24., 24., 23., 24., 24., 24., 25., 24., 24.}","{66., 30., 27., 27., 26., 26., 26., 26., 26., 26., 26., 26., 26., 27., 26., 26., 26., 26., 27., 26., 26., 27., 26., 26., 26., 26., 26., 26., 26., 26., 26., 26., 26., 26., 26., 26., 26., 26., 26., 26., 26., 25., 26., 26., 26., 26., 26., 26., 26., 26.}"
146,147,"loss3_classifier","prob","Linear","Softmax",108.,110.7333,136.,55.,55.7,68.,137.,139.4,173.,29.,28.666700000000002,37.,82.,83.7,105.,"{126., 114., 111., 109., 110., 110., 108., 136., 115., 115., 114., 115., 115., 116., 116., 114., 133., 109., 109., 109., 110., 111., 109., 111., 109., 110., 110., 110., 109., 110., 109., 109., 110., 110., 110., 109., 119., 110., 121., 115., 110., 111., 110., 109., 111., 109., 108., 109., 111., 109.}","{68., 68., 57., 56., 56., 55., 55., 56., 55., 56., 55., 55., 56., 61., 63., 55., 56., 55., 56., 55., 57., 56., 55., 56., 56., 56., 56., 56., 55., 55., 55., 56., 56., 56., 55., 56., 55., 56., 56., 56., 55., 55., 56., 56., 56., 56., 55., 55., 56., 55.}","{146., 141., 138., 139., 138., 173., 149., 149., 149., 148., 150., 149., 164., 149., 140., 139., 138., 138., 139., 139., 139., 139., 138., 140., 140., 140., 138., 139., 139., 138., 139., 138., 139., 138., 139., 138., 139., 141., 138., 140., 139., 140., 148., 139., 138., 138., 137., 139., 139., 138.}"
146,147,"loss3_classifier","prob","Linear","Softmax",41.,42.,80.,35.,35.,47.,47.,47.533300000000004,91.,6.,5.5333000000000006,11.,12.,12.5333,44.,"{80., 49., 45., 43., 42., 42., 42., 42., 42., 42., 42., 42., 42., 42., 42., 41., 42., 42., 42., 42., 42., 42., 41., 41., 42., 42., 41., 42., 42., 41., 41., 41., 41., 41., 42., 42., 42., 42., 42., 42., 42., 42., 42., 42., 42., 42., 42., 42., 42., 41.}","{47., 38., 36., 35., 36., 35., 35., 35., 35., 35., 35., 35., 35., 35., 35., 35., 35., 35., 35., 35., 35., 35., 35., 35., 35., 35., 36., 35., 35., 35., 36., 35., 35., 35., 36., 35., 35., 35., 35., 35., 36., 35., 35., 35., 35., 35., 35., 35., 35., 35.}","{91., 55., 49., 49., 48., 48., 47., 48., 48., 47., 47., 66., 49., 48., 47., 47., 47., 48., 47., 48., 48., 47., 47., 47., 48., 48., 48., 48., 47., 48., 47., 48., 47., 47., 47., 48., 48., 47., 47., 47., 48., 47., 47., 47., 47., 48., 47., 47., 48., 48.}"
309,310,"fc1","part","Linear","Part",125.,126.6333,160.,24.,24.200000000000003,43.,127.,128.4667,166.,2.,1.8333000000000002,6.,103.,104.2667,123.,"{160., 134., 129., 127., 127., 128., 127., 126., 128., 127., 127., 126., 127., 126., 127., 126., 128., 127., 126., 125., 126., 127., 137., 128., 126., 127., 125., 126., 126., 126., 131., 127., 127., 125., 127., 126., 127., 137., 127., 126., 127., 125., 127., 126., 127., 126., 125., 126., 126., 127.}","{43., 27., 25., 24., 24., 25., 25., 24., 24., 24., 24., 25., 24., 24., 25., 24., 25., 24., 25., 24., 24., 24., 24., 24., 25., 24., 24., 24., 24., 24., 25., 24., 24., 25., 24., 24., 25., 24., 24., 25., 25., 24., 24., 24., 24., 24., 24., 25., 24., 24.}","{166., 137., 131., 129., 129., 130., 132., 127., 129., 128., 128., 128., 128., 128., 128., 129., 129., 127., 128., 129., 128., 128., 128., 128., 129., 144., 128., 128., 127., 127., 128., 128., 130., 129., 129., 127., 128., 129., 128., 128., 128., 128., 128., 128., 128., 162., 136., 136., 137., 136.}"
8,9,8,9,"Linear","Elementwise",42.,49.3667,85.,26.,27.,44.,44.,49.9667,97.,2.,0.6,12.,18.,22.9667,53.,"{85., 45., 42., 42., 76., 79., 55., 53., 52., 52., 52., 51., 52., 52., 52., 52., 52., 51., 52., 51., 61., 49., 48., 48., 48., 48., 48., 48., 48., 48., 49., 48., 49., 49., 49., 49., 49., 48., 48., 48., 48., 48., 48., 49., 49., 48., 49., 49., 49., 48.}","{44., 31., 28., 27., 27., 27., 27., 28., 27., 27., 27., 27., 27., 27., 27., 27., 27., 27., 27., 26., 27., 27., 27., 27., 27., 27., 27., 27., 27., 28., 27., 27., 27., 27., 26., 27., 27., 27., 27., 27., 28., 27., 27., 26., 27., 27., 27., 27., 27., 27.}","{97., 53., 51., 50., 51., 50., 51., 50., 50., 44., 50., 49., 50., 50., 50., 50., 64., 52., 51., 50., 50., 50., 50., 49., 50., 50., 50., 49., 50., 50., 49., 49., 50., 50., 50., 49., 50., 50., 50., 50., 50., 49., 50., 50., 50., 49., 49., 49., 50., 50.}"
10,11,10,11,"Linear","Softmax",36.,36.533300000000004,48.,35.,36.,47.,36.,36.2333,53.,0.,-0.3,5.,1.,0.2333,6.,"{48., 39., 38., 37., 37., 36., 37., 36., 37., 36., 37., 36., 36., 37., 37., 37., 37., 37., 36., 36., 37., 36., 36., 36., 36., 37., 37., 36., 36., 36., 37., 37., 37., 36., 36., 36., 36., 36., 36., 36., 37., 37., 37., 36., 36., 37., 37., 37., 36., 37.}","{47., 39., 38., 36., 36., 37., 36., 36., 36., 36., 36., 36., 36., 36., 35., 36., 35., 36., 36., 35., 36., 36., 36., 35., 36., 35., 36., 36., 36., 35., 36., 35., 36., 36., 36., 36., 36., 35., 36., 36., 36., 36., 36., 36., 35., 36., 37., 36., 35., 36.}","{47., 39., 37., 38., 37., 36., 37., 37., 36., 36., 36., 36., 36., 36., 36., 36., 36., 36., 36., 36., 36., 36., 36., 36., 36., 36., 37., 37., 53., 36., 37., 37., 37., 36., 36., 36., 37., 37., 36., 36., 36., 36., 36., 36., 37., 37., 36., 36., 36., 36.}"
346,347,"fc1000","prob","Linear","Softmax",126.,128.,172.,42.,42.4333,55.,141.,143.3667,189.,15.,15.366700000000002,17.,99.,100.9333,134.,"{172., 134., 130., 139., 127., 127., 127., 127., 127., 126., 128., 127., 128., 127., 127., 127., 127., 127., 126., 128., 127., 127., 127., 127., 127., 126., 127., 127., 127., 127., 126., 127., 127., 126., 137., 128., 129., 127., 127., 153., 134., 135., 134., 134., 135., 135., 135., 141., 127., 127.}","{55., 45., 43., 43., 43., 43., 42., 42., 42., 42., 43., 42., 43., 42., 43., 42., 43., 42., 42., 43., 42., 43., 42., 43., 42., 42., 43., 42., 42., 42., 42., 43., 43., 42., 43., 42., 43., 43., 42., 43., 42., 42., 42., 42., 43., 42., 43., 42., 42., 43.}","{189., 153., 145., 143., 142., 152., 142., 143., 142., 143., 142., 141., 142., 142., 141., 141., 142., 143., 141., 142., 141., 142., 143., 150., 168., 153., 153., 153., 153., 152., 163., 143., 152., 143., 146., 142., 142., 143., 143., 142., 143., 144., 142., 143., 142., 144., 142., 142., 143., 142.}"
343,344,"fc1","softmax_softmax","Linear","Softmax",2401.,2450.1,2587.,244.,245.8667,267.,2636.,2694.2000000000003,2847.,235.,244.10000000000002,260.,2392.,2448.3333000000002,2580.,"{2571., 2517., 2536., 2587., 2496., 2495., 2471., 2535., 2486., 2474., 2463., 2534., 2452., 2458., 2429., 2532., 2448., 2421., 2451., 2508., 2438., 2466., 2423., 2491., 2435., 2419., 2441., 2483., 2441., 2438., 2403., 2473., 2440., 2418., 2426., 2447., 2448., 2423., 2416., 2479., 2421., 2427., 2423., 2432., 2446., 2401., 2428., 2413., 2446., 2409.}","{267., 250., 247., 246., 246., 246., 265., 247., 253., 246., 246., 246., 245., 246., 246., 252., 249., 245., 255., 248., 245., 246., 256., 246., 246., 245., 246., 245., 246., 245., 246., 246., 245., 246., 245., 246., 245., 245., 256., 246., 246., 245., 245., 245., 245., 244., 245., 245., 245., 251.}","{2777., 2847., 2758., 2722., 2731., 2775., 2714., 2708., 2781., 2711., 2696., 2692., 2752., 2696., 2688., 2664., 2736., 2675., 2672., 2705., 2707., 2697., 2659., 2758., 2695., 2667., 2676., 2736., 2655., 2691., 2694., 2717., 2651., 2674., 2708., 2678., 2651., 2646., 2733., 2663., 2636., 2653., 2714., 2637., 2646., 2674., 2705., 2647., 2649., 2740.}"
516,517,"fc1000","prob","Linear","Softmax",125.,126.1667,190.,42.,42.4333,55.,139.,141.1,177.,14.,14.933300000000001,-13.,97.,98.6667,122.,"{190., 144., 136., 136., 135., 134., 153., 125., 137., 126., 125., 127., 126., 125., 126., 126., 126., 126., 126., 126., 126., 126., 127., 126., 125., 125., 126., 125., 127., 125., 127., 126., 126., 126., 126., 125., 126., 126., 127., 136., 127., 126., 127., 126., 125., 125., 126., 125., 126., 126.}","{55., 45., 43., 43., 42., 42., 43., 42., 43., 43., 42., 43., 42., 43., 42., 43., 43., 43., 42., 43., 42., 42., 42., 43., 42., 42., 43., 42., 42., 42., 42., 43., 42., 43., 42., 42., 43., 43., 42., 43., 42., 42., 42., 42., 43., 42., 43., 42., 43., 42.}","{177., 148., 143., 143., 142., 142., 142., 141., 142., 141., 141., 154., 141., 141., 141., 142., 141., 141., 141., 141., 141., 140., 142., 141., 141., 141., 155., 141., 141., 139., 139., 141., 140., 140., 141., 141., 141., 140., 155., 141., 141., 141., 140., 142., 140., 140., 141., 140., 141., 140.}"
176,177,"fc1000","prob","Linear","Softmax",125.,126.83330000000001,168.,42.,42.4667,54.,140.,141.7333,173.,15.,14.9,5.,98.,99.2667,119.,"{168., 134., 127., 127., 126., 126., 127., 126., 126., 126., 126., 125., 126., 126., 126., 126., 126., 127., 127., 126., 126., 126., 126., 138., 125., 126., 125., 153., 133., 135., 134., 134., 134., 134., 134., 141., 127., 125., 127., 126., 126., 126., 128., 126., 126., 126., 126., 127., 126., 126.}","{54., 45., 44., 43., 43., 43., 42., 42., 43., 42., 42., 42., 43., 43., 42., 43., 42., 43., 42., 43., 42., 43., 43., 42., 42., 42., 54., 43., 42., 43., 42., 42., 42., 42., 42., 42., 43., 42., 42., 43., 48., 43., 42., 42., 42., 43., 42., 43., 43., 42.}","{173., 147., 143., 141., 141., 142., 142., 142., 140., 141., 141., 140., 142., 142., 173., 151., 152., 151., 151., 152., 152., 154., 142., 143., 142., 140., 141., 146., 141., 141., 141., 141., 141., 141., 141., 141., 140., 141., 141., 141., 140., 142., 141., 141., 141., 140., 146., 140., 141., 141.}"
33,34,"fc6","relu6","Linear","Elementwise",8016.,8087.5333,14959.,23.,26.3667,59.,8021.,8091.5333,14951.,5.,4.,-8.,7998.,8065.166700000001,14892.,"{14959., 13015., 8249., 8185., 8093., 8124., 8134., 8103., 8109., 8079., 8054., 8111., 8102., 8102., 8109., 8036., 8102., 8097., 8101., 8099., 8022., 8093., 8097., 8068., 8094., 8067., 8059., 8076., 8098., 8076., 8071., 8066., 8082., 8090., 8094., 8059., 8043., 8079., 8079., 8075., 8076., 8021., 8091., 8085., 8081., 8097., 8016., 8082., 8072., 8095.}","{59., 29., 27., 27., 26., 27., 26., 26., 27., 26., 27., 26., 26., 26., 26., 27., 26., 26., 26., 27., 26., 27., 27., 27., 26., 26., 27., 27., 26., 26., 26., 27., 26., 27., 26., 26., 23., 29., 28., 26., 27., 26., 26., 26., 27., 26., 26., 26., 27., 26.}","{14951., 13406., 8170., 8165., 8145., 8103., 8094., 8049., 8099., 8094., 8083., 8102., 8073., 8052., 8088., 8082., 8082., 8069., 8053., 8098., 8080., 8082., 8100., 8024., 8093., 8080., 8109., 8107., 8043., 8107., 8116., 8127., 8105., 8059., 8129., 8098., 8144., 8091., 8067., 8057., 8081., 8094., 8074., 8115., 8055., 8076., 8093., 8111., 8098., 8021.}"
36,37,"fc7","relu7","Linear","Elementwise",1329.,1356.3667,1461.,36.,36.1,51.,1294.,1490.5667,2483.,-35.,134.20000000000002,1022.,1258.,1454.4667000000002,2432.,"{1461., 1455., 1410., 1391., 1394., 1373., 1410., 1399., 1366., 1355., 1370., 1354., 1351., 1402., 1374., 1350., 1366., 1344., 1343., 1361., 1339., 1401., 1361., 1345., 1340., 1352., 1340., 1341., 1427., 1369., 1350., 1340., 1339., 1346., 1332., 1386., 1379., 1340., 1343., 1347., 1334., 1334., 1353., 1406., 1334., 1351., 1333., 1329., 1350., 1332.}","{51., 39., 38., 36., 36., 36., 36., 36., 36., 37., 36., 36., 36., 36., 36., 36., 36., 36., 37., 36., 36., 36., 36., 37., 37., 36., 36., 36., 36., 36., 36., 36., 37., 36., 37., 37., 37., 36., 36., 36., 37., 37., 36., 36., 36., 36., 36., 36., 36., 36.}","{2483., 2448., 2415., 2423., 2382., 2343., 2331., 2379., 2300., 2311., 2280., 2327., 2288., 2269., 2186., 1360., 1375., 1385., 1317., 1317., 1331., 1309., 1328., 1334., 1370., 1313., 1322., 1315., 1303., 1323., 1311., 1347., 1352., 1311., 1305., 1330., 1306., 1304., 1327., 1357., 1328., 1320., 1316., 1306., 1320., 1304., 1341., 1355., 1294., 1304.}"
39,40,"fc8","prob","Linear","Softmax",235.,238.4667,276.,53.,53.6,69.,251.,272.8,452.,16.,34.3333,176.,198.,219.20000000000002,383.,"{276., 266., 239., 238., 235., 237., 237., 238., 242., 238., 238., 235., 236., 236., 236., 239., 238., 256., 239., 237., 239., 236., 238., 238., 237., 237., 239., 236., 269., 249., 250., 253., 257., 237., 252., 238., 238., 239., 238., 238., 238., 238., 237., 237., 239., 242., 242., 240., 238., 240.}","{69., 57., 54., 53., 53., 54., 54., 53., 54., 54., 54., 53., 53., 54., 54., 53., 53., 54., 54., 53., 54., 53., 54., 53., 53., 54., 54., 53., 53., 54., 54., 53., 54., 53., 54., 53., 54., 54., 54., 53., 54., 53., 54., 53., 53., 54., 53., 54., 54., 53.}","{300., 264., 257., 253., 251., 253., 268., 254., 254., 251., 252., 252., 256., 254., 253., 253., 287., 267., 269., 269., 272., 267., 256., 253., 255., 253., 254., 253., 256., 253., 253., 251., 253., 269., 256., 252., 253., 452., 401., 387., 380., 379., 378., 377., 377., 378., 375., 389., 407., 398.}"
39,40,"fc6","relu6","Linear","Elementwise",8000.,8064.933300000001,14930.,35.,36.,64.,8029.,8088.2667,14973.,29.,23.3333,43.,7994.,8052.2667,14909.,"{14930., 13232., 8181., 8070., 8097., 8101., 8084., 8075., 8010., 8042., 8068., 8104., 8059., 8017., 8026., 8056., 8075., 8088., 8048., 8028., 8059., 8064., 8069., 8055., 8036., 8072., 8081., 8050., 8054., 8018., 8086., 8102., 8130., 8071., 8000., 8068., 8124., 8085., 8062., 8022., 8022., 8115., 8053., 8120., 8045., 8033., 8061., 8060., 8055., 8035.}","{64., 41., 39., 37., 36., 36., 36., 36., 36., 36., 37., 36., 36., 36., 36., 36., 37., 36., 36., 36., 36., 36., 36., 36., 35., 36., 36., 36., 54., 36., 36., 36., 36., 36., 36., 36., 36., 36., 37., 36., 36., 36., 36., 35., 36., 36., 36., 36., 36., 36.}","{14973., 12278., 8225., 8166., 8127., 8107., 8082., 8123., 8099., 8099., 8092., 8044., 8105., 8095., 8114., 8103., 8065., 8076., 8097., 8100., 8086., 8069., 8054., 8149., 8095., 8090., 8071., 8069., 8100., 8083., 8092., 8084., 8029., 8078., 8100., 8081., 8182., 8054., 8055., 8096., 8073., 8083., 8043., 8044., 8080., 8125., 8088., 8055., 8046., 8075.}"
42,43,"fc7","relu7","Linear","Elementwise",1298.,1465.6667,2487.,25.,26.,54.,1315.,1346.5667,1464.,17.,-119.10000000000001,-1023.,1290.,1320.5667,1410.,"{2487., 2412., 2455., 2379., 2347., 2354., 2353., 2342., 2304., 2291., 2321., 2307., 2291., 2267., 1509., 1355., 1389., 1339., 1320., 1328., 1332., 1310., 1317., 1371., 1327., 1299., 1336., 1312., 1306., 1326., 1305., 1358., 1325., 1302., 1305., 1314., 1299., 1306., 1362., 1323., 1301., 1320., 1317., 1298., 1318., 1300., 1362., 1328., 1298., 1313.}","{54., 29., 27., 26., 26., 26., 26., 26., 25., 26., 26., 26., 26., 26., 26., 26., 26., 26., 26., 26., 26., 26., 26., 26., 26., 26., 26., 26., 26., 25., 26., 29., 27., 26., 26., 27., 26., 26., 26., 26., 26., 26., 26., 27., 26., 26., 26., 26., 26., 26.}","{1446., 1464., 1405., 1405., 1370., 1353., 1374., 1349., 1390., 1385., 1341., 1337., 1357., 1333., 1328., 1382., 1368., 1332., 1346., 1335., 1333., 1348., 1333., 1374., 1369., 1329., 1323., 1352., 1322., 1330., 1383., 1349., 1332., 1350., 1337., 1323., 1339., 1323., 1375., 1345., 1320., 1322., 1354., 1315., 1326., 1376., 1356., 1318., 1343., 1329.}"
45,46,"fc8","prob","Linear","Softmax",228.,231.63330000000002,270.,49.,49.2667,65.,241.,248.8,285.,13.,17.166700000000002,15.,192.,199.5333,220.,"{270., 238., 246., 229., 228., 233., 230., 231., 230., 229., 230., 232., 230., 259., 245., 244., 242., 245., 242., 246., 234., 230., 230., 231., 231., 231., 231., 231., 230., 232., 232., 230., 231., 235., 230., 230., 243., 233., 230., 230., 234., 230., 232., 229., 231., 230., 230., 232., 233., 231.}","{65., 52., 53., 51., 50., 50., 50., 49., 50., 49., 49., 49., 56., 51., 49., 50., 49., 49., 49., 49., 50., 49., 49., 49., 49., 49., 49., 49., 50., 50., 49., 49., 49., 49., 49., 49., 50., 49., 49., 49., 50., 50., 49., 49., 49., 49., 49., 49., 49., 50.}","{285., 252., 243., 243., 241., 282., 260., 257., 257., 258., 257., 250., 246., 247., 247., 244., 245., 245., 246., 248., 246., 247., 246., 245., 248., 244., 260., 246., 246., 246., 245., 255., 244., 248., 247., 248., 251., 246., 247., 247., 246., 247., 258., 247., 283., 263., 260., 260., 264., 244.}"
175,176,23,24,"Linear","Softmax",189.,190.5667,217.,55.,55.633300000000006,68.,218.,221.66670000000002,256.,29.,31.1,39.,163.,166.0333,188.,"{217., 194., 192., 191., 190., 190., 190., 190., 191., 190., 191., 191., 190., 189., 190., 201., 192., 190., 190., 191., 190., 189., 191., 189., 190., 190., 191., 190., 214., 202., 200., 200., 199., 201., 212., 205., 189., 190., 190., 189., 189., 190., 190., 190., 189., 191., 190., 190., 191., 189.}","{68., 57., 56., 56., 55., 55., 56., 55., 56., 56., 55., 55., 56., 56., 55., 55., 56., 56., 55., 56., 56., 55., 56., 55., 55., 55., 56., 55., 55., 56., 55., 56., 55., 56., 56., 55., 67., 57., 55., 56., 56., 55., 56., 55., 56., 55., 56., 56., 56., 56.}","{248., 233., 222., 248., 234., 234., 234., 236., 244., 221., 220., 220., 219., 221., 219., 221., 222., 221., 234., 221., 221., 220., 221., 221., 221., 220., 221., 220., 220., 219., 221., 221., 221., 221., 220., 221., 231., 220., 221., 222., 220., 221., 219., 219., 218., 222., 221., 220., 256., 235.}"
231,232,"linear","softmax","Linear","Softmax",236.,373.3333,404.,87.,87.6667,103.,296.,301.23330000000004,378.,60.,-72.10000000000001,-26.,209.,213.5667,275.,"{404., 379., 383., 372., 373., 373., 374., 372., 372., 373., 373., 373., 372., 383., 400., 391., 390., 393., 371., 371., 373., 370., 370., 383., 372., 371., 371., 372., 371., 373., 371., 370., 372., 372., 381., 372., 372., 371., 370., 371., 372., 403., 389., 391., 384., 264., 243., 240., 236., 237.}","{103., 91., 88., 88., 88., 88., 88., 88., 88., 87., 87., 88., 87., 87., 88., 101., 88., 88., 87., 88., 87., 96., 88., 88., 88., 87., 87., 87., 87., 88., 88., 87., 87., 88., 88., 88., 87., 87., 88., 87., 87., 88., 88., 87., 88., 87., 87., 88., 88., 87.}","{378., 320., 349., 323., 328., 320., 300., 298., 299., 297., 298., 299., 305., 316., 299., 297., 297., 297., 297., 299., 298., 298., 298., 299., 298., 296., 314., 302., 298., 298., 298., 300., 299., 298., 328., 319., 322., 325., 323., 312., 299., 298., 300., 297., 297., 303., 297., 297., 298., 297.}"
176,177,"fc_nsfw","prob","Linear","Softmax",25.,25.900000000000002,45.,22.,22.433300000000003,39.,25.,25.933300000000003,57.,0.,0.0333,12.,3.,3.5,18.,"{45., 29., 27., 26., 26., 26., 26., 26., 25., 26., 26., 25., 26., 25., 25., 26., 26., 26., 26., 26., 26., 26., 26., 26., 25., 25., 25., 27., 26., 26., 26., 26., 26., 26., 26., 26., 26., 25., 25., 25., 25., 26., 26., 26., 26., 25., 25., 26., 26., 26.}","{39., 27., 25., 25., 24., 24., 24., 25., 24., 24., 24., 24., 24., 32., 23., 22., 22., 23., 22., 22., 22., 22., 23., 22., 22., 22., 22., 22., 22., 22., 22., 22., 22., 22., 22., 22., 22., 22., 22., 22., 22., 23., 22., 22., 22., 22., 22., 22., 22., 23.}","{57., 30., 28., 27., 26., 26., 26., 27., 26., 26., 26., 26., 26., 26., 26., 25., 25., 25., 26., 26., 39., 26., 25., 25., 25., 26., 26., 26., 26., 26., 26., 26., 26., 26., 25., 26., 26., 26., 26., 25., 26., 26., 25., 26., 26., 25., 25., 26., 26., 25.}"
