10,11,"2a/_plus2a","2b1/bn2b1_branch2a","Threading","BatchNormalization",2648.,2712.4333,3201.,1510.,1543.6667,2184.,4678.,4749.2333,5630.,2030.,2036.8000000000002,2429.,3168.,3205.5667000000003,3446.,"{3201., 3161., 3007., 2937., 2880., 2852., 2834., 2826., 2791., 2784., 2776., 2765., 2744., 2775., 2740., 2729., 2736., 2737., 2732., 2701., 2717., 2720., 2691., 2710., 2727., 2689., 2707., 2701., 2694., 2691., 2679., 2696., 2679., 2687., 2678., 2700., 2687., 2670., 2694., 2697., 2659., 2667., 2690., 2654., 2680., 2675., 2681., 2668., 2674., 2648.}","{2184., 2182., 1918., 1657., 1593., 1589., 1570., 1562., 1582., 1563., 1566., 1554., 1538., 1559., 1528., 1575., 1550., 1538., 1549., 1552., 1538., 1558., 1547., 1553., 1529., 1526., 1551., 1531., 1560., 1534., 1531., 1535., 1525., 1532., 1543., 1534., 1548., 1519., 1518., 1542., 1514., 1547., 1524., 1523., 1537., 1524., 1510., 1536., 1524., 1531.}","{5630., 5435., 5136., 5024., 4929., 4936., 4844., 4859., 4844., 4809., 4773., 4792., 4800., 4810., 4758., 4792., 4780., 4809., 4732., 4755., 4735., 4786., 4755., 4758., 4752., 4728., 4772., 4722., 4710., 4720., 4746., 4741., 4729., 4745., 4729., 4707., 4698., 4703., 4724., 4705., 4704., 4692., 4709., 4700., 4686., 4681., 4689., 4691., 4683., 4678.}"
17,18,"2b1/_plus2b1","2b2/bn2b2_branch2a","Threading","BatchNormalization",2687.,2751.9333,3220.,1502.,1523.4333000000001,2172.,4693.,4798.2667,5669.,2006.,2046.3333,2449.,3191.,3274.8333000000002,3497.,"{3220., 3148., 3017., 2951., 2912., 2864., 2862., 2862., 2831., 2828., 2830., 2811., 2790., 2799., 2790., 2764., 2785., 2788., 2768., 2761., 2751., 2768., 2753., 2732., 2766., 2743., 2741., 2743., 2738., 2722., 2733., 2708., 2737., 2723., 2717., 2708., 2734., 2709., 2712., 2714., 2722., 2693., 2700., 2715., 2696., 2710., 2688., 2687., 2695., 2687.}","{2172., 2147., 1903., 1664., 1572., 1569., 1564., 1558., 1542., 1538., 1528., 1542., 1540., 1529., 1527., 1518., 1537., 1527., 1530., 1538., 1518., 1521., 1510., 1513., 1532., 1526., 1506., 1528., 1502., 1521., 1505., 1513., 1520., 1518., 1513., 1523., 1510., 1514., 1520., 1508., 1520., 1503., 1507., 1510., 1519., 1522., 1504., 1502., 1530., 1502.}","{5669., 5422., 5186., 5078., 4992., 4918., 4921., 4940., 4877., 4833., 4862., 4864., 4871., 4836., 4839., 4832., 4875., 4805., 4830., 4808., 4792., 4794., 4822., 4807., 4804., 4767., 4778., 4807., 4781., 4752., 4760., 4779., 4769., 4773., 4764., 4773., 4739., 4746., 4757., 4759., 4742., 4761., 4730., 4736., 4753., 4693., 4731., 4741., 4768., 4745.}"
24,25,"2b2/_plus2b2","pool2","Threading","Pooling",2587.,2642.5667000000003,3195.,6116.,6136.8,6403.,8528.,8644.800000000001,9600.,5941.,6002.2333,6405.,2412.,2508.,3197.,"{3195., 3154., 2938., 2866., 2808., 2775., 2744., 2731., 2709., 2703., 2706., 2693., 2688., 2689., 2667., 2642., 2681., 2662., 2639., 2656., 2660., 2623., 2650., 2640., 2631., 2638., 2627., 2625., 2658., 2617., 2625., 2621., 2603., 2604., 2627., 2611., 2619., 2620., 2593., 2626., 2606., 2587., 2608., 2625., 2599., 2594., 2595., 2591., 2602., 2600.}","{6356., 6318., 6370., 6156., 6240., 6140., 6226., 6227., 6197., 6177., 6123., 6134., 6131., 6131., 6258., 6128., 6143., 6118., 6139., 6135., 6132., 6130., 6139., 6124., 6138., 6309., 6126., 6139., 6120., 6145., 6116., 6140., 6129., 6130., 6124., 6136., 6119., 6142., 6117., 6132., 6137., 6116., 6138., 6116., 6135., 6125., 6131., 6128., 6138., 6403.}","{9600., 9449., 9158., 8867., 8887., 8779., 8752., 8724., 8716., 8704., 8675., 8687., 8674., 8666., 8660., 8662., 8653., 8657., 8682., 8642., 8629., 8668., 8629., 8637., 8795., 8620., 8617., 8615., 8609., 8609., 8600., 8787., 8607., 8601., 8620., 8660., 8593., 8538., 8591., 8594., 8602., 8605., 8614., 8550., 8528., 8588., 8597., 8579., 8599., 8736.}"
33,34,"3a/_plus3a","3b1/bn3b1_branch2a","Threading","BatchNormalization",846.,858.0333,1387.,574.,581.4667000000001,968.,1549.,1571.5667,2461.,703.,713.5333,1074.,975.,990.1,1493.,"{1387., 1380., 1133., 927., 873., 872., 866., 882., 864., 855., 856., 861., 859., 855., 857., 854., 869., 866., 860., 859., 857., 867., 859., 851., 851., 860., 854., 849., 852., 856., 865., 855., 854., 856., 856., 856., 851., 853., 857., 867., 859., 846., 852., 861., 860., 853., 849., 852., 848., 858.}","{968., 903., 758., 601., 589., 582., 594., 594., 583., 584., 582., 584., 591., 582., 580., 579., 582., 580., 579., 598., 579., 579., 576., 578., 589., 577., 589., 581., 579., 579., 579., 579., 579., 596., 574., 575., 578., 578., 576., 576., 591., 583., 575., 577., 581., 579., 578., 590., 576., 579.}","{2461., 2330., 1915., 1671., 1624., 1591., 1596., 1594., 1576., 1583., 1563., 1564., 1589., 1563., 1580., 1570., 1561., 1578., 1555., 1591., 1574., 1565., 1572., 1560., 1575., 1559., 1565., 1557., 1569., 1580., 1557., 1577., 1586., 1570., 1561., 1573., 1563., 1573., 1571., 1559., 1580., 1556., 1574., 1556., 1564., 1581., 1562., 1574., 1557., 1549.}"
40,41,"3b1/_plus3b1","3b2/bn3b2_branch2a","Threading","BatchNormalization",796.,813.5333,1381.,533.,540.1,930.,1499.,1530.0667,2408.,703.,716.5333,1027.,966.,989.9667000000001,1478.,"{1381., 1358., 1056., 868., 829., 817., 818., 838., 830., 850., 820., 811., 830., 820., 814., 817., 817., 826., 815., 816., 818., 823., 827., 816., 817., 824., 812., 825., 799., 801., 804., 803., 796., 808., 801., 803., 815., 812., 804., 802., 801., 810., 801., 796., 801., 796., 817., 798., 798., 798.}","{930., 845., 673., 548., 534., 533., 552., 543., 541., 538., 539., 536., 537., 551., 550., 538., 539., 539., 538., 539., 536., 548., 538., 537., 537., 537., 549., 537., 557., 539., 540., 538., 538., 549., 538., 551., 539., 547., 541., 537., 538., 537., 537., 548., 546., 536., 538., 539., 538., 537.}","{2408., 2290., 1798., 1641., 1529., 1545., 1558., 1526., 1538., 1517., 1531., 1549., 1522., 1515., 1553., 1514., 1546., 1514., 1529., 1536., 1510., 1543., 1506., 1521., 1528., 1532., 1519., 1524., 1511., 1537., 1507., 1521., 1528., 1513., 1518., 1528., 1527., 1524., 1525., 1506., 1525., 1499., 1559., 1795., 1638., 1589., 1561., 1545., 1517., 1519.}"
47,48,"3b2/_plus3b2","pool3","Threading","Pooling",826.,957.3667,1660.,3083.,3102.6667,3238.,3890.,3917.3333000000002,4449.,3064.,2959.9667,2789.,807.,814.6667,1211.,"{1660., 1604., 1354., 1138., 1086., 1070., 1085., 1065., 1076., 1068., 1094., 1079., 1071., 1084., 1068., 1068., 1053., 1081., 1067., 1061., 1066., 1074., 1061., 1063., 1113., 889., 850., 844., 850., 855., 842., 838., 838., 831., 845., 836., 829., 833., 833., 845., 843., 841., 834., 848., 826., 833., 829., 830., 843., 840.}","{3131., 3114., 3238., 3204., 3176., 3098., 3087., 3104., 3096., 3100., 3107., 3083., 3201., 3106., 3099., 3085., 3108., 3112., 3098., 3100., 3121., 3100., 3101., 3106., 3085., 3096., 3157., 3099., 3097., 3116., 3098., 3095., 3125., 3105., 3094., 3100., 3105., 3095., 3083., 3105., 3095., 3097., 3093., 3216., 3094., 3107., 3112., 3100., 3099., 3133.}","{4449., 4433., 4146., 4011., 3948., 3930., 3928., 3925., 3951., 3910., 3904., 3921., 3902., 3911., 3912., 3908., 3916., 3912., 3911., 3922., 3890., 3903., 3906., 3891., 3917., 3928., 3958., 3919., 3913., 3933., 3901., 3919., 3907., 4041., 3922., 3907., 3919., 4026., 3914., 3904., 3915., 3900., 3933., 3904., 3919., 3998., 3908., 3913., 3922., 3906.}"
56,57,"4a/_plus4a","4b1/bn4b1_branch2a","Threading","BatchNormalization",404.,410.90000000000003,530.,310.,312.0333,373.,711.,719.4667000000001,1003.,307.,308.5667,473.,401.,407.43330000000003,630.,"{530., 490., 429., 406., 404., 419., 424., 426., 410., 408., 409., 408., 408., 417., 409., 416., 420., 409., 408., 407., 413., 408., 409., 408., 408., 408., 426., 412., 412., 410., 411., 412., 410., 412., 412., 411., 421., 409., 416., 407., 409., 408., 409., 408., 414., 421., 412., 411., 411., 410.}","{373., 345., 319., 314., 310., 312., 312., 322., 313., 312., 311., 328., 313., 312., 311., 312., 312., 311., 312., 312., 316., 312., 312., 311., 325., 312., 311., 312., 312., 313., 311., 313., 312., 311., 312., 311., 324., 312., 311., 320., 312., 311., 311., 312., 311., 311., 312., 311., 312., 324.}","{1003., 946., 784., 723., 722., 723., 721., 733., 723., 717., 729., 717., 740., 723., 721., 720., 719., 719., 732., 719., 711., 713., 714., 726., 723., 714., 715., 716., 718., 726., 717., 716., 715., 712., 731., 715., 717., 717., 725., 714., 732., 716., 716., 713., 718., 730., 720., 716., 715., 715.}"
63,64,"4b1/_plus4b1","4b2/bn4b2_branch2a","Threading","BatchNormalization",496.,502.1333,682.,302.,304.93330000000003,418.,701.,714.6,1293.,205.,212.4667,611.,399.,409.6667,875.,"{682., 617., 530., 500., 498., 499., 499., 500., 512., 505., 496., 497., 513., 498., 497., 498., 511., 499., 500., 498., 499., 497., 498., 508., 500., 499., 500., 498., 499., 506., 499., 514., 503., 501., 504., 503., 502., 504., 503., 515., 505., 502., 503., 503., 506., 506., 505., 517., 502., 509.}","{418., 348., 304., 304., 303., 303., 303., 304., 304., 304., 303., 303., 304., 317., 304., 303., 312., 302., 303., 303., 304., 303., 303., 303., 302., 302., 323., 306., 306., 316., 314., 304., 306., 304., 315., 305., 305., 306., 305., 320., 305., 306., 306., 306., 305., 316., 308., 306., 311., 304.}","{1293., 1181., 832., 753., 718., 715., 728., 715., 720., 719., 724., 720., 734., 718., 728., 723., 730., 709., 729., 710., 715., 714., 707., 720., 713., 707., 706., 708., 713., 719., 716., 710., 708., 710., 717., 705., 703., 707., 711., 715., 721., 705., 716., 707., 715., 708., 715., 706., 701., 703.}"
70,71,"4b2/_plus4b2","4b3/bn4b3_branch2a","Threading","BatchNormalization",409.,481.1,568.,289.,487.93330000000003,572.,699.,711.,1001.,290.,229.9,433.,410.,223.0667,429.,"{568., 532., 464., 432., 427., 430., 446., 431., 432., 430., 431., 426., 438., 426., 430., 441., 422., 430., 424., 431., 424., 427., 421., 421., 446., 500., 529., 529., 531., 532., 529., 531., 545., 545., 531., 534., 532., 533., 532., 548., 536., 535., 533., 535., 534., 534., 536., 486., 426., 409.}","{572., 517., 500., 496., 495., 494., 496., 508., 495., 494., 495., 494., 495., 493., 494., 513., 505., 496., 495., 496., 496., 497., 496., 511., 496., 497., 495., 496., 497., 496., 498., 511., 498., 496., 497., 495., 505., 497., 460., 301., 289., 290., 289., 290., 290., 289., 290., 290., 289., 290.}","{1001., 917., 779., 714., 708., 726., 706., 708., 710., 709., 710., 719., 709., 718., 711., 721., 720., 708., 699., 702., 709., 712., 716., 706., 705., 703., 703., 712., 713., 716., 706., 709., 708., 723., 715., 711., 710., 709., 709., 719., 710., 709., 704., 717., 710., 714., 706., 707., 712., 715.}"
77,78,"4b3/_plus4b3","4b4/bn4b4_branch2a","Threading","BatchNormalization",410.,411.1667,550.,306.,308.1,393.,699.,709.0333,1007.,289.,297.86670000000004,457.,393.,400.93330000000003,614.,"{550., 513., 440., 413., 412., 411., 411., 411., 411., 422., 412., 418., 411., 411., 411., 412., 411., 411., 421., 412., 412., 411., 411., 411., 410., 412., 410., 411., 420., 411., 411., 410., 410., 410., 410., 418., 411., 410., 420., 410., 411., 412., 410., 410., 411., 410., 410., 419., 410., 410.}","{393., 358., 333., 315., 321., 314., 313., 313., 312., 313., 312., 307., 307., 307., 307., 320., 308., 306., 307., 308., 306., 307., 307., 307., 307., 307., 307., 307., 319., 307., 307., 307., 306., 308., 307., 306., 307., 315., 307., 307., 307., 317., 308., 307., 308., 306., 307., 307., 307., 307.}","{1007., 937., 789., 721., 722., 719., 720., 716., 731., 719., 715., 715., 705., 719., 705., 706., 705., 705., 705., 711., 700., 702., 704., 711., 706., 716., 705., 706., 703., 705., 724., 709., 708., 708., 699., 700., 709., 708., 700., 703., 705., 704., 714., 707., 706., 706., 707., 720., 708., 706.}"
84,85,"4b4/_plus4b4","4b5/bn4b5_branch2a","Threading","BatchNormalization",399.,401.8333,521.,294.,310.43330000000003,383.,696.,706.2333,998.,297.,304.40000000000003,477.,402.,395.8,615.,"{521., 484., 426., 404., 400., 399., 408., 401., 409., 399., 400., 400., 399., 400., 399., 400., 411., 401., 400., 399., 400., 400., 400., 400., 400., 400., 410., 402., 402., 401., 401., 403., 401., 410., 402., 403., 410., 403., 402., 402., 402., 402., 402., 401., 403., 402., 413., 413., 405., 402.}","{383., 346., 326., 312., 311., 311., 311., 311., 310., 310., 311., 311., 310., 323., 311., 310., 310., 310., 310., 310., 311., 310., 311., 311., 311., 310., 323., 311., 319., 311., 311., 310., 310., 311., 309., 310., 310., 310., 332., 317., 298., 296., 295., 295., 296., 295., 295., 295., 294., 295.}","{998., 938., 773., 711., 706., 723., 712., 698., 696., 701., 699., 700., 712., 700., 702., 704., 702., 707., 715., 713., 705., 706., 707., 718., 705., 706., 697., 700., 701., 712., 701., 702., 700., 710., 702., 713., 706., 705., 705., 705., 716., 704., 706., 707., 706., 706., 717., 716., 706., 706.}"
91,92,"4b5/_plus4b5","pool4","Threading","Pooling",416.,417.8333,555.,1609.,1625.8667,1702.,1979.,1996.2667000000001,2181.,1563.,1578.4333000000001,1626.,370.,370.40000000000003,479.,"{555., 529., 474., 425., 420., 419., 418., 418., 418., 417., 418., 430., 418., 425., 418., 417., 418., 417., 417., 417., 428., 418., 418., 417., 417., 416., 417., 417., 416., 418., 428., 417., 417., 416., 417., 417., 417., 425., 418., 417., 427., 416., 417., 417., 417., 418., 417., 417., 417., 430.}","{1643., 1619., 1681., 1630., 1616., 1638., 1617., 1614., 1629., 1615., 1676., 1623., 1615., 1629., 1617., 1673., 1619., 1702., 1614., 1679., 1637., 1620., 1631., 1629., 1616., 1637., 1621., 1630., 1616., 1624., 1636., 1621., 1633., 1615., 1614., 1645., 1622., 1658., 1609., 1610., 1651., 1622., 1628., 1611., 1627., 1614., 1679., 1646., 1611., 1631.}","{2181., 2106., 2003., 2024., 1979., 2041., 1979., 2041., 1988., 1999., 1980., 2010., 1982., 2009., 1981., 2000., 1981., 1999., 2006., 2003., 1981., 2000., 1981., 2005., 1980., 2000., 1981., 2001., 2006., 2002., 1980., 2001., 1981., 2009., 1982., 2002., 2005., 2003., 1992., 2000., 1981., 2000., 1980., 2002., 1995., 2015., 1982., 1997., 1990., 2038.}"
100,101,"5a/_plus5a","5b1/bn5b1_branch2a","Threading","BatchNormalization",228.,230.8,251.,190.,190.7333,214.,487.,492.,586.,259.,261.2,335.,297.,301.2667,372.,"{251., 232., 230., 229., 229., 228., 229., 228., 244., 232., 231., 231., 230., 230., 231., 230., 231., 230., 230., 231., 237., 232., 231., 231., 231., 243., 232., 231., 230., 231., 231., 231., 230., 231., 230., 231., 231., 231., 231., 231., 230., 231., 242., 232., 231., 231., 230., 231., 230., 232.}","{214., 196., 193., 192., 192., 193., 210., 192., 191., 190., 200., 191., 190., 191., 190., 192., 190., 190., 191., 191., 191., 191., 190., 190., 190., 191., 190., 203., 190., 191., 190., 191., 191., 191., 191., 190., 190., 190., 191., 190., 190., 191., 190., 191., 190., 190., 190., 205., 192., 190.}","{586., 540., 510., 502., 493., 502., 493., 506., 492., 493., 492., 493., 493., 492., 493., 493., 507., 492., 492., 492., 492., 492., 488., 488., 500., 499., 487., 488., 488., 488., 488., 488., 502., 489., 489., 489., 489., 488., 490., 489., 502., 491., 489., 488., 490., 499., 489., 490., 504., 491.}"
107,108,"5b1/_plus5b1","5b2/bn5b2_branch2a","Threading","BatchNormalization",231.,232.5667,255.,190.,191.16670000000002,212.,490.,494.1333,569.,259.,261.5667,314.,300.,302.9667,357.,"{255., 238., 234., 234., 233., 233., 233., 232., 233., 232., 231., 233., 232., 245., 234., 232., 240., 233., 233., 232., 233., 233., 232., 232., 231., 233., 232., 232., 232., 232., 243., 233., 232., 233., 232., 232., 232., 233., 232., 233., 232., 232., 233., 233., 233., 232., 232., 243., 234., 232.}","{212., 196., 193., 192., 199., 192., 191., 191., 191., 191., 191., 204., 193., 191., 191., 191., 191., 191., 192., 191., 191., 190., 191., 191., 192., 190., 191., 190., 191., 191., 192., 202., 192., 191., 190., 191., 190., 191., 190., 191., 190., 191., 191., 190., 190., 190., 198., 192., 191., 191.}","{569., 549., 526., 503., 491., 491., 491., 492., 491., 492., 506., 493., 490., 490., 492., 493., 492., 493., 505., 494., 492., 491., 494., 506., 494., 495., 505., 494., 495., 493., 495., 494., 495., 495., 507., 496., 495., 495., 495., 496., 495., 494., 507., 505., 495., 490., 491., 490., 491., 492.}"
114,115,"5b2/_plus5b2","pool5","Threading","Pooling",229.,230.8333,252.,790.,799.8333,824.,978.,985.1,1016.,749.,754.2667,764.,188.,185.26670000000001,192.,"{252., 242., 233., 231., 231., 230., 231., 232., 230., 230., 230., 231., 241., 229., 230., 231., 230., 231., 243., 232., 231., 231., 230., 231., 231., 230., 231., 231., 230., 231., 230., 230., 231., 231., 231., 243., 231., 231., 231., 231., 230., 231., 230., 231., 231., 231., 230., 231., 231., 231.}","{809., 817., 791., 806., 791., 791., 790., 800., 803., 791., 790., 813., 790., 824., 797., 795., 794., 797., 811., 809., 818., 817., 818., 818., 797., 795., 795., 817., 816., 795., 794., 794., 802., 811., 795., 795., 795., 795., 819., 795., 795., 795., 794., 816., 805., 796., 795., 795., 815., 795.}","{1007., 1016., 1002., 980., 979., 979., 995., 980., 979., 979., 992., 1008., 979., 979., 994., 979., 987., 979., 1003., 980., 978., 989., 1004., 981., 979., 979., 999., 980., 979., 979., 997., 1013., 984., 984., 996., 983., 982., 983., 999., 983., 982., 992., 995., 983., 983., 983., 998., 982., 983., 983.}"
126,127,"6a/_plus6a","7a/bn7a_branch2a","Threading","BatchNormalization",124.,125.60000000000001,153.,125.,127.4,155.,221.,222.9333,275.,97.,97.33330000000001,122.,96.,95.53330000000001,120.,"{153., 129., 127., 126., 126., 126., 127., 126., 126., 125., 126., 125., 126., 126., 125., 125., 125., 126., 126., 132., 141., 126., 126., 126., 125., 126., 125., 125., 125., 134., 126., 126., 126., 125., 125., 125., 126., 126., 125., 125., 125., 125., 125., 125., 126., 125., 124., 126., 125., 125.}","{155., 130., 127., 127., 128., 126., 127., 126., 127., 137., 128., 128., 127., 127., 128., 128., 126., 128., 128., 127., 128., 128., 128., 127., 127., 127., 128., 128., 127., 127., 136., 127., 128., 128., 128., 127., 127., 128., 127., 136., 128., 126., 126., 126., 127., 126., 127., 125., 126., 126.}","{275., 262., 224., 223., 223., 223., 223., 223., 223., 222., 223., 223., 223., 232., 223., 224., 222., 224., 223., 240., 224., 223., 223., 223., 223., 223., 223., 223., 224., 223., 223., 223., 223., 223., 222., 224., 223., 232., 223., 223., 222., 221., 222., 222., 221., 222., 222., 221., 222., 222.}"
137,138,"7a/_plus7a","bn7","Threading","BatchNormalization",230.,230.8333,255.,220.,221.8667,242.,523.,525.8667,606.,293.,295.0333,351.,303.,304.,364.,"{255., 234., 232., 231., 243., 232., 231., 231., 230., 231., 231., 231., 231., 230., 231., 231., 230., 231., 231., 231., 230., 244., 231., 230., 238., 233., 231., 231., 231., 230., 230., 231., 230., 232., 230., 230., 231., 231., 242., 231., 230., 231., 230., 230., 230., 231., 231., 232., 230., 230.}","{242., 225., 223., 222., 222., 231., 222., 222., 222., 221., 222., 238., 223., 222., 221., 222., 222., 222., 221., 221., 221., 221., 222., 222., 221., 221., 221., 221., 222., 242., 223., 221., 221., 222., 222., 222., 221., 221., 222., 222., 222., 220., 222., 222., 221., 222., 237., 226., 223., 224.}","{606., 573., 533., 525., 524., 541., 524., 546., 526., 524., 523., 523., 523., 535., 524., 523., 523., 523., 524., 523., 541., 523., 523., 523., 523., 524., 530., 523., 542., 528., 526., 526., 527., 525., 525., 544., 525., 526., 525., 525., 525., 524., 527., 543., 534., 540., 527., 525., 526., 526.}"
10,11,"PrimaryCaps/4/5","PrimaryPredVects/2","Threading","ConstantArray",26.,26.,45.,14807.,14842.2,15233.,"","","","","","","","","","{45., 29., 27., 27., 26., 26., 26., 27., 26., 26., 26., 26., 26., 26., 27., 26., 26., 26., 27., 26., 26., 26., 26., 26., 26., 26., 26., 26., 26., 27., 26., 26., 26., 26., 26., 26., 26., 26., 26., 26., 26., 26., 26., 26., 26., 38., 27., 26., 26., 26.}","{15233., 15119., 14955., 14879., 14860., 14866., 14873., 14849., 14844., 14889., 14877., 14854., 14858., 14869., 14843., 14847., 14855., 14853., 14873., 14864., 14852., 14855., 14885., 14883., 14829., 14827., 14825., 14836., 14837., 14834., 14825., 14839., 14819., 14830., 14813., 14821., 14833., 14837., 14829., 14815., 14830., 14828., 14809., 14818., 14818., 14824., 14812., 14820., 14834., 14807.}",""
13,14,"PrimaryPredVects/3","PrimaryPredVects/4","Threading","Aggregation",721.,731.6667,1192.,29781.,29875.2667,29971.,30484.,30578.2,31043.,29763.,29846.533300000003,29851.,703.,702.9333,1072.,"{1192., 1182., 925., 762., 737., 747., 735., 733., 729., 733., 731., 738., 732., 733., 728., 732., 732., 729., 727., 725., 725., 722., 735., 721., 723., 753., 792., 774., 749., 732., 733., 730., 734., 731., 728., 727., 729., 725., 735., 723., 726., 726., 739., 741., 727., 730., 728., 728., 723., 735.}","{29928., 29943., 29904., 29882., 29903., 29869., 29895., 29893., 29864., 29816., 29860., 29887., 29902., 29955., 29971., 29815., 29828., 29831., 29838., 29842., 29951., 29937., 29829., 29861., 29842., 29901., 29884., 29900., 29869., 29910., 29781., 29797., 29853., 29858., 29888., 29850., 29871., 29923., 29843., 29879., 29881., 29907., 29885., 29908., 29832., 29851., 29896., 29925., 29824., 29786.}","{30967., 31043., 30748., 30636., 30565., 30680., 30532., 30583., 30655., 30553., 30546., 30543., 30622., 30592., 30487., 30547., 30553., 30571., 30607., 30588., 30561., 30592., 30587., 30626., 30600., 30628., 30506., 30532., 30578., 30612., 30552., 30582., 30535., 30605., 30484., 30642., 30512., 30623., 30610., 30564., 30547., 30495., 30530., 30489., 30608., 30550., 30558., 30595., 30578., 30597.}"
19,20,"DynamicRouting/2/Net/capsule/s/2","DynamicRouting/2/Net/capsule/s/3","Threading","Aggregation",100.,101.03330000000001,115.,3475.,3488.5,3532.,3569.,3580.8333000000002,3605.,3469.,3479.8,3490.,94.,92.33330000000001,73.,"{115., 103., 102., 101., 101., 102., 101., 101., 100., 101., 101., 101., 101., 100., 101., 101., 100., 101., 101., 102., 101., 101., 101., 101., 101., 102., 101., 101., 101., 101., 101., 101., 112., 101., 100., 101., 100., 101., 108., 102., 101., 102., 100., 101., 101., 101., 101., 102., 101., 101.}","{3532., 3488., 3491., 3486., 3488., 3495., 3485., 3482., 3495., 3489., 3488., 3495., 3488., 3494., 3486., 3475., 3497., 3489., 3486., 3494., 3488., 3489., 3493., 3487., 3482., 3489., 3485., 3489., 3493., 3485., 3486., 3485., 3488., 3485., 3492., 3487., 3493., 3487., 3485., 3488., 3487., 3488., 3495., 3488., 3488., 3492., 3487., 3475., 3491., 3492.}","{3603., 3572., 3580., 3587., 3580., 3580., 3590., 3581., 3587., 3580., 3576., 3577., 3581., 3582., 3586., 3580., 3577., 3590., 3581., 3569., 3575., 3581., 3578., 3581., 3581., 3588., 3579., 3580., 3587., 3577., 3572., 3589., 3584., 3579., 3590., 3580., 3588., 3579., 3580., 3579., 3605., 3574., 3589., 3570., 3573., 3587., 3578., 3576., 3583., 3573.}"
25,26,"DynamicRouting/2/Net/capsule/v/5","DynamicRouting/2/Net/dots/1","Threading","Replicate",19.,19.5667,34.,5350.,5387.1333,5396.,5380.,5387.,5400.,5361.,5367.433300000001,5366.,30.,-0.1333,4.,"{34., 22., 20., 20., 20., 19., 20., 20., 19., 20., 19., 20., 19., 20., 19., 20., 19., 20., 19., 20., 19., 20., 19., 19., 20., 19., 20., 19., 20., 20., 19., 20., 19., 20., 19., 20., 19., 20., 19., 19., 20., 19., 20., 19., 20., 20., 19., 19., 20., 19.}","{5396., 5389., 5353., 5350., 5388., 5387., 5385., 5393., 5382., 5388., 5391., 5387., 5382., 5394., 5382., 5388., 5393., 5381., 5388., 5388., 5387., 5382., 5392., 5382., 5393., 5384., 5391., 5388., 5388., 5387., 5387., 5387., 5382., 5392., 5382., 5387., 5388., 5388., 5381., 5393., 5384., 5390., 5396., 5383., 5390., 5389., 5388., 5388., 5388., 5382.}","{5400., 5392., 5386., 5381., 5394., 5382., 5387., 5391., 5390., 5386., 5387., 5389., 5382., 5392., 5382., 5387., 5387., 5386., 5382., 5385., 5382., 5387., 5393., 5381., 5387., 5388., 5387., 5388., 5393., 5382., 5393., 5382., 5386., 5388., 5386., 5387., 5388., 5387., 5384., 5393., 5381., 5387., 5388., 5386., 5390., 5394., 5380., 5389., 5397., 5384.}"
27,28,"DynamicRouting/2/Net/dots/2","DynamicRouting/2/Net/dots/3","Threading","Aggregation",100.,100.,112.,3545.,3556.4,3595.,3624.,3641.1333,3670.,3524.,3541.1333,3558.,79.,84.7333,75.,"{112., 102., 101., 100., 100., 101., 100., 100., 100., 100., 100., 100., 100., 100., 100., 100., 100., 100., 100., 100., 101., 100., 100., 100., 100., 100., 100., 100., 109., 100., 100., 100., 100., 100., 100., 100., 100., 100., 100., 101., 100., 100., 100., 100., 101., 100., 100., 100., 100., 100.}","{3569., 3558., 3569., 3552., 3565., 3574., 3552., 3546., 3595., 3552., 3579., 3558., 3553., 3561., 3553., 3552., 3552., 3553., 3552., 3567., 3554., 3553., 3572., 3550., 3549., 3552., 3555., 3554., 3552., 3573., 3558., 3552., 3552., 3572., 3545., 3593., 3557., 3584., 3553., 3560., 3554., 3557., 3553., 3545., 3559., 3552., 3590., 3557., 3553., 3566.}","{3646., 3647., 3626., 3633., 3646., 3665., 3637., 3665., 3655., 3644., 3649., 3636., 3647., 3624., 3640., 3655., 3636., 3636., 3669., 3636., 3646., 3637., 3637., 3646., 3637., 3628., 3643., 3639., 3637., 3644., 3655., 3650., 3649., 3635., 3657., 3634., 3625., 3646., 3634., 3670., 3638., 3636., 3652., 3636., 3636., 3645., 3637., 3625., 3645., 3636.}"
30,31,"DynamicRouting/2/Net/new_b","DynamicRouting/3","Threading","SequenceLast",28.,29.,41.,227.,228.3333,251.,"","","","","","","","","","{41., 31., 30., 29., 29., 29., 29., 30., 29., 29., 29., 29., 29., 29., 29., 29., 29., 29., 29., 29., 30., 29., 28., 28., 28., 28., 28., 28., 28., 29., 29., 28., 29., 28., 29., 29., 29., 29., 30., 29., 29., 29., 29., 29., 29., 29., 30., 29., 29., 29.}","{251., 230., 229., 229., 228., 227., 228., 228., 236., 228., 227., 227., 228., 227., 227., 227., 228., 228., 228., 228., 234., 229., 228., 229., 228., 237., 229., 229., 229., 228., 229., 228., 228., 229., 228., 229., 228., 228., 228., 228., 229., 228., 228., 235., 229., 229., 229., 228., 228., 228.}",""
35,36,"DigitCaps/s/2","DigitCaps/s/3","Threading","Aggregation",99.,100.03330000000001,114.,3476.,3488.3333000000002,3549.,3565.,3581.8667,3600.,3466.,3481.8333000000002,3486.,89.,93.53330000000001,51.,"{114., 102., 100., 101., 100., 100., 100., 100., 100., 113., 102., 100., 100., 101., 99., 100., 100., 100., 100., 99., 100., 100., 100., 100., 100., 100., 100., 101., 100., 100., 100., 100., 100., 99., 103., 100., 100., 100., 100., 100., 100., 100., 100., 100., 101., 100., 100., 101., 100., 109.}","{3549., 3495., 3487., 3493., 3491., 3488., 3487., 3508., 3490., 3489., 3489., 3485., 3488., 3488., 3487., 3493., 3488., 3487., 3493., 3488., 3479., 3493., 3487., 3485., 3502., 3487., 3487., 3485., 3484., 3488., 3487., 3486., 3501., 3490., 3484., 3483., 3486., 3486., 3493., 3488., 3487., 3494., 3486., 3476., 3493., 3487., 3489., 3495., 3487., 3488.}","{3591., 3578., 3600., 3582., 3587., 3579., 3571., 3584., 3579., 3582., 3592., 3582., 3580., 3591., 3577., 3576., 3577., 3580., 3587., 3581., 3580., 3588., 3581., 3578., 3587., 3570., 3581., 3586., 3583., 3578., 3593., 3582., 3585., 3577., 3583., 3572., 3583., 3578., 3588., 3583., 3578., 3587., 3579., 3580., 3586., 3565., 3586., 3581., 3580., 3590.}"
41,42,"DigitCaps/v/5","Norm/1","Threading","Elementwise",19.,19.633300000000002,34.,19.,19.933300000000003,33.,19.,20.,36.,0.,0.3667,2.,0.,0.06670000000000001,3.,"{34., 22., 21., 20., 20., 20., 20., 19., 20., 20., 20., 19., 20., 19., 20., 19., 19., 19., 19., 20., 19., 20., 19., 20., 19., 20., 19., 20., 19., 20., 19., 20., 19., 20., 19., 20., 19., 20., 19., 20., 20., 19., 20., 19., 20., 20., 19., 20., 19., 20.}","{27., 22., 21., 20., 20., 20., 20., 20., 20., 20., 20., 19., 20., 20., 19., 19., 20., 20., 20., 19., 20., 20., 20., 19., 20., 20., 20., 19., 20., 19., 20., 20., 20., 20., 20., 19., 33., 20., 20., 19., 20., 20., 20., 20., 19., 20., 19., 20., 20., 19.}","{36., 22., 20., 20., 20., 20., 20., 20., 20., 20., 20., 20., 19., 19., 19., 20., 20., 20., 20., 19., 20., 20., 20., 20., 19., 20., 20., 20., 20., 20., 19., 20., 20., 34., 20., 20., 19., 20., 19., 20., 20., 20., 20., 20., 19., 20., 20., 20., 20., 19.}"
25,26,"3_1/4","3_2/1/conv3_2_expand","Threading","Convolution",72.,73.2333,95.,335.,341.2,407.,382.,394.8333,464.,310.,321.6,369.,47.,53.633300000000006,57.,"{95., 83., 79., 75., 75., 74., 74., 73., 74., 73., 74., 73., 73., 73., 74., 73., 73., 73., 73., 73., 73., 73., 73., 73., 73., 73., 73., 73., 72., 88., 72., 73., 73., 72., 74., 73., 73., 82., 75., 74., 74., 74., 73., 73., 73., 73., 73., 72., 73., 73.}","{407., 344., 340., 340., 340., 337., 339., 340., 339., 356., 346., 341., 341., 341., 342., 341., 344., 343., 342., 343., 342., 357., 340., 389., 369., 369., 364., 339., 340., 343., 339., 340., 358., 344., 342., 342., 341., 342., 341., 341., 337., 336., 335., 339., 358., 337., 338., 339., 338., 338.}","{464., 396., 393., 397., 396., 397., 450., 425., 437., 419., 396., 434., 399., 394., 390., 393., 388., 390., 391., 412., 383., 392., 395., 392., 392., 398., 391., 394., 388., 411., 394., 433., 445., 430., 394., 396., 387., 389., 394., 404., 389., 387., 388., 385., 384., 382., 386., 386., 385., 420.}"
42,43,"4_1/4","4_2/1/conv4_2_expand","Threading","Convolution",47.,48.1,75.,192.,208.7333,308.,279.,286.5,406.,232.,238.4,331.,87.,77.7667,98.,"{68., 49., 48., 49., 48., 48., 48., 48., 48., 48., 48., 48., 54., 49., 48., 48., 49., 48., 48., 49., 48., 48., 49., 48., 48., 48., 48., 48., 48., 48., 48., 48., 48., 48., 49., 48., 48., 48., 48., 75., 49., 48., 48., 49., 48., 48., 49., 48., 48., 47.}","{308., 255., 254., 265., 253., 253., 257., 251., 252., 253., 253., 255., 271., 252., 202., 238., 219., 215., 216., 217., 242., 201., 195., 194., 194., 196., 196., 195., 192., 194., 193., 205., 194., 193., 194., 192., 192., 193., 194., 192., 193., 193., 192., 194., 194., 192., 193., 193., 192., 193.}","{406., 298., 291., 286., 288., 285., 298., 289., 387., 315., 314., 314., 287., 286., 284., 281., 295., 286., 282., 298., 284., 285., 280., 281., 282., 280., 281., 281., 280., 279., 281., 282., 282., 296., 282., 282., 286., 282., 281., 281., 280., 281., 307., 312., 305., 302., 298., 292., 283., 280.}"
51,52,"4_2/4","4_3/1/conv4_3_expand","Threading","Convolution",39.,40.,60.,192.,195.10000000000002,274.,209.,211.5,281.,170.,171.5,221.,17.,16.400000000000002,7.,"{60., 46., 42., 41., 40., 41., 40., 40., 40., 40., 40., 40., 40., 40., 40., 40., 41., 40., 40., 40., 40., 40., 40., 40., 40., 40., 40., 40., 40., 40., 41., 39., 39., 40., 40., 40., 40., 40., 39., 39., 39., 40., 41., 40., 40., 40., 40., 50., 41., 40.}","{274., 218., 214., 208., 199., 195., 196., 195., 194., 193., 196., 195., 195., 194., 195., 194., 195., 193., 195., 194., 192., 196., 194., 211., 198., 196., 194., 195., 197., 195., 196., 195., 194., 194., 193., 194., 195., 195., 194., 195., 194., 192., 195., 206., 195., 195., 194., 228., 211., 214.}","{281., 218., 214., 212., 213., 211., 211., 213., 211., 212., 211., 212., 211., 212., 211., 211., 228., 213., 212., 242., 230., 228., 229., 230., 241., 211., 211., 210., 210., 210., 212., 211., 210., 210., 225., 212., 210., 210., 210., 211., 209., 211., 211., 210., 211., 209., 211., 211., 211., 211.}"
68,69,"4_4/4","4_5/1/conv4_5_expand","Threading","Convolution",37.,38.1,54.,152.,154.3,212.,165.,168.5333,234.,128.,130.4333,180.,13.,14.2333,22.,"{54., 40., 38., 38., 39., 39., 38., 38., 39., 38., 39., 38., 39., 38., 38., 39., 44., 38., 38., 38., 39., 38., 39., 38., 38., 38., 38., 38., 39., 38., 38., 38., 38., 38., 38., 38., 38., 38., 38., 38., 38., 39., 38., 38., 37., 38., 38., 38., 38., 38.}","{212., 156., 156., 153., 166., 156., 153., 155., 153., 153., 154., 155., 152., 153., 154., 153., 153., 153., 155., 154., 154., 159., 187., 170., 170., 170., 169., 171., 180., 166., 155., 155., 152., 153., 153., 153., 153., 155., 153., 155., 153., 154., 154., 154., 154., 153., 153., 154., 152., 154.}","{234., 174., 171., 170., 167., 168., 168., 180., 168., 168., 167., 165., 167., 167., 166., 165., 168., 166., 166., 166., 165., 166., 166., 165., 166., 181., 169., 167., 169., 169., 169., 175., 169., 167., 175., 200., 185., 184., 186., 183., 204., 168., 169., 168., 168., 167., 168., 168., 169., 168.}"
77,78,"4_5/4","4_6/1/conv4_6_expand","Threading","Convolution",30.,30.2333,45.,150.,153.20000000000002,240.,133.,137.3667,213.,103.,107.1333,168.,-17.,-15.833300000000001,-27.,"{45., 32., 31., 34., 31., 30., 30., 31., 30., 30., 31., 30., 30., 31., 30., 30., 31., 30., 31., 30., 30., 31., 30., 31., 30., 31., 30., 30., 30., 31., 30., 30., 30., 30., 30., 30., 30., 30., 30., 31., 30., 30., 30., 31., 30., 30., 30., 31., 30., 30.}","{240., 162., 152., 153., 153., 153., 156., 156., 151., 151., 153., 152., 151., 153., 152., 167., 153., 151., 153., 152., 153., 152., 151., 152., 151., 171., 155., 151., 152., 152., 151., 152., 151., 150., 152., 152., 152., 152., 150., 151., 152., 152., 178., 174., 168., 166., 168., 167., 178., 161.}","{213., 143., 140., 139., 139., 137., 139., 139., 138., 139., 138., 140., 139., 138., 138., 139., 139., 139., 138., 155., 136., 137., 147., 138., 136., 137., 137., 136., 136., 135., 134., 133., 136., 137., 135., 136., 137., 136., 137., 136., 137., 134., 136., 137., 136., 135., 136., 135., 154., 138.}"
86,87,"4_6/4","4_7/1/conv4_7_expand","Threading","Convolution",25.,33.4,53.,102.,104.03330000000001,165.,118.,120.9333,200.,93.,87.53330000000001,147.,16.,16.900000000000002,35.,"{53., 39., 38., 38., 37., 38., 37., 37., 38., 37., 37., 38., 37., 37., 38., 37., 38., 37., 37., 37., 38., 44., 36., 26., 25., 26., 31., 26., 31., 32., 32., 32., 25., 26., 26., 31., 32., 31., 25., 25., 27., 26., 26., 26., 32., 25., 26., 42., 32., 36.}","{165., 111., 107., 126., 107., 105., 104., 104., 106., 103., 105., 103., 103., 103., 104., 103., 103., 103., 102., 103., 104., 103., 102., 103., 102., 104., 102., 103., 103., 104., 103., 103., 103., 103., 102., 103., 102., 103., 104., 104., 103., 122., 111., 115., 108., 108., 106., 142., 120., 120.}","{200., 127., 122., 121., 120., 120., 121., 121., 120., 120., 120., 119., 118., 120., 121., 120., 120., 121., 120., 119., 139., 123., 121., 120., 120., 119., 119., 121., 119., 119., 119., 119., 120., 119., 120., 120., 118., 121., 127., 120., 119., 123., 150., 134., 132., 132., 133., 131., 132., 133.}"
103,104,"5_1/4","5_2/1/conv5_2_expand","Threading","Convolution",36.,37.,55.,172.,174.3667,248.,190.,192.2333,273.,154.,155.2333,218.,18.,17.8667,25.,"{55., 41., 38., 37., 37., 37., 37., 37., 37., 39., 37., 38., 37., 37., 37., 37., 37., 37., 37., 37., 37., 37., 37., 37., 37., 37., 36., 37., 37., 38., 37., 37., 37., 37., 37., 37., 37., 37., 37., 37., 37., 37., 37., 37., 37., 37., 37., 37., 38., 37.}","{248., 181., 177., 175., 175., 175., 174., 174., 175., 174., 174., 174., 173., 172., 175., 174., 190., 177., 174., 174., 173., 173., 174., 174., 173., 174., 174., 173., 173., 173., 174., 219., 194., 195., 193., 195., 198., 174., 185., 175., 174., 173., 174., 174., 173., 173., 174., 174., 174., 174.}","{273., 223., 225., 193., 204., 190., 207., 193., 192., 192., 192., 191., 191., 192., 193., 193., 192., 192., 191., 191., 192., 192., 191., 193., 217., 194., 192., 192., 193., 192., 192., 193., 190., 192., 190., 192., 192., 191., 191., 192., 193., 192., 192., 191., 191., 202., 191., 194., 230., 213.}"
112,113,"5_2/4","5_3/1/conv5_3_expand","Threading","Convolution",42.,42.4,61.,169.,171.13330000000002,237.,187.,204.5333,356.,145.,162.13330000000002,295.,18.,33.4,119.,"{61., 45., 43., 42., 42., 42., 42., 42., 42., 43., 42., 42., 43., 42., 42., 42., 42., 43., 42., 43., 42., 42., 43., 42., 42., 43., 42., 43., 43., 42., 42., 43., 43., 42., 43., 43., 42., 43., 43., 42., 43., 42., 42., 42., 43., 43., 43., 42., 43., 42.}","{237., 178., 173., 171., 171., 171., 171., 191., 173., 171., 170., 171., 172., 169., 170., 170., 169., 171., 170., 169., 171., 170., 169., 170., 171., 170., 170., 169., 171., 171., 188., 175., 170., 169., 171., 172., 172., 172., 172., 172., 171., 171., 170., 172., 170., 202., 193., 191., 190., 192.}","{356., 300., 297., 297., 295., 296., 294., 295., 298., 297., 295., 310., 250., 193., 190., 187., 188., 188., 187., 187., 197., 187., 187., 188., 194., 227., 209., 209., 208., 208., 224., 209., 191., 189., 189., 190., 188., 189., 187., 190., 189., 189., 189., 190., 188., 189., 189., 188., 190., 190.}"
129,130,"6_1/4","6_2/1/conv6_2_expand","Threading","Convolution",33.,34.,48.,230.,232.60000000000002,288.,221.,224.4667,289.,188.,190.4667,241.,-9.,-8.1333,1.,"{48., 36., 34., 34., 34., 33., 34., 34., 34., 34., 34., 34., 34., 34., 33., 34., 34., 34., 35., 33., 34., 34., 34., 34., 34., 34., 34., 34., 34., 34., 34., 34., 34., 34., 34., 34., 34., 34., 34., 34., 34., 34., 34., 34., 33., 34., 34., 34., 34., 34.}","{288., 234., 233., 232., 232., 244., 234., 233., 232., 232., 232., 232., 231., 230., 232., 232., 230., 232., 232., 232., 234., 233., 243., 234., 231., 275., 259., 259., 259., 262., 232., 230., 233., 233., 230., 233., 232., 231., 242., 236., 233., 232., 232., 234., 232., 232., 232., 233., 232., 232.}","{289., 226., 226., 242., 224., 249., 254., 249., 251., 251., 235., 224., 224., 224., 225., 222., 224., 225., 226., 223., 227., 226., 222., 223., 223., 224., 224., 224., 225., 222., 224., 221., 226., 224., 224., 224., 224., 237., 225., 223., 222., 223., 223., 223., 225., 222., 225., 223., 223., 254.}"
138,139,"6_2/4","6_3/1/conv6_3_expand","Threading","Convolution",33.,41.7333,72.,229.,231.2333,287.,234.,236.70000000000002,305.,201.,194.9667,233.,5.,5.4667,18.,"{48., 35., 34., 34., 34., 34., 34., 34., 34., 34., 34., 34., 34., 34., 33., 33., 35., 34., 34., 34., 66., 72., 42., 42., 39., 49., 39., 38., 47., 40., 48., 48., 48., 68., 50., 48., 47., 47., 47., 47., 47., 47., 47., 46., 47., 47., 47., 47., 46., 48.}","{287., 233., 231., 232., 231., 231., 230., 232., 230., 232., 231., 243., 231., 231., 231., 230., 230., 231., 230., 232., 229., 231., 231., 231., 229., 230., 230., 230., 240., 230., 230., 267., 257., 258., 259., 259., 230., 232., 231., 236., 235., 230., 230., 232., 232., 242., 231., 231., 231., 230.}","{305., 242., 238., 236., 237., 255., 237., 237., 237., 235., 236., 236., 235., 236., 237., 239., 236., 236., 236., 237., 237., 249., 237., 237., 277., 268., 265., 265., 271., 236., 235., 237., 234., 237., 235., 235., 236., 253., 238., 237., 235., 236., 236., 237., 235., 236., 236., 235., 237., 236.}"
16,17,"stage1_unit1/_plus_stage1_unit1","stage1_unit2/bn1","Threading","BatchNormalization",413.,416.93330000000003,598.,328.,329.6333,414.,694.,704.4667000000001,1026.,281.,287.5333,428.,366.,374.8333,612.,"{598., 558., 464., 425., 417., 416., 416., 414., 428., 417., 418., 413., 416., 415., 416., 414., 415., 429., 417., 414., 417., 414., 416., 414., 423., 415., 415., 429., 419., 416., 417., 416., 416., 419., 418., 417., 428., 418., 417., 417., 414., 417., 415., 419., 414., 416., 426., 423., 417., 415.}","{414., 395., 346., 332., 329., 328., 328., 328., 342., 331., 330., 329., 345., 330., 330., 330., 329., 330., 330., 329., 339., 330., 329., 330., 342., 330., 329., 329., 330., 329., 329., 329., 330., 329., 330., 329., 343., 330., 329., 330., 329., 330., 329., 330., 329., 330., 329., 329., 342., 329.}","{1026., 963., 784., 715., 709., 703., 699., 714., 715., 699., 703., 700., 697., 711., 703., 700., 708., 701., 719., 745., 709., 707., 707., 695., 713., 700., 699., 694., 699., 700., 719., 703., 702., 704., 699., 718., 701., 703., 700., 698., 702., 712., 700., 699., 697., 711., 705., 719., 704., 700.}"
26,27,"stage1_unit2/_plus_stage1_unit2","stage1_unit3/bn1","Threading","BatchNormalization",412.,415.36670000000004,572.,328.,329.8,415.,692.,702.5333,1048.,280.,287.1667,476.,364.,372.73330000000004,633.,"{572., 548., 464., 420., 429., 417., 415., 415., 415., 415., 416., 415., 414., 431., 416., 423., 414., 419., 414., 414., 415., 414., 415., 428., 417., 414., 416., 413., 413., 412., 416., 414., 426., 415., 414., 415., 412., 415., 415., 427., 413., 415., 429., 413., 415., 415., 412., 414., 416., 412.}","{415., 376., 345., 338., 330., 329., 329., 329., 344., 330., 340., 330., 329., 330., 328., 328., 329., 329., 328., 330., 342., 329., 331., 328., 329., 330., 328., 328., 329., 329., 329., 330., 342., 329., 329., 342., 331., 330., 328., 329., 338., 330., 329., 329., 341., 330., 329., 330., 328., 329.}","{1048., 942., 763., 710., 702., 716., 703., 703., 703., 699., 717., 712., 702., 702., 702., 697., 716., 704., 700., 700., 700., 700., 720., 703., 700., 709., 702., 712., 695., 696., 692., 694., 695., 716., 701., 699., 702., 695., 699., 710., 710., 699., 703., 700., 720., 695., 696., 696., 700., 695.}"
36,37,"stage1_unit3/_plus_stage1_unit3","stage2_unit1/bn1","Threading","BatchNormalization",406.,408.5,567.,307.,316.3,416.,683.,691.4333,1037.,277.,282.93330000000003,470.,376.,375.1333,621.,"{567., 524., 450., 410., 412., 407., 409., 422., 407., 408., 407., 408., 409., 408., 409., 406., 424., 406., 406., 408., 407., 407., 406., 422., 407., 422., 421., 409., 408., 407., 409., 406., 407., 409., 408., 407., 425., 406., 410., 408., 409., 407., 407., 409., 407., 407., 418., 430., 407., 406.}","{416., 356., 326., 320., 320., 319., 318., 318., 318., 316., 318., 334., 320., 319., 319., 319., 320., 320., 319., 329., 320., 329., 319., 332., 321., 321., 319., 316., 308., 307., 307., 309., 308., 308., 308., 307., 321., 312., 311., 310., 311., 311., 311., 310., 311., 310., 311., 312., 311., 327.}","{1037., 903., 745., 700., 697., 712., 696., 692., 693., 690., 692., 718., 707., 694., 693., 693., 715., 698., 687., 684., 686., 689., 698., 689., 689., 689., 708., 690., 704., 689., 691., 684., 686., 683., 688., 683., 684., 685., 683., 701., 692., 692., 685., 689., 686., 706., 687., 686., 684., 687.}"
47,48,"stage2_unit1/_plus_stage2_unit1","stage2_unit2/bn1","Threading","BatchNormalization",221.,222.4667,244.,187.,188.0667,210.,395.,404.73330000000004,495.,174.,182.26670000000001,251.,208.,216.66670000000002,285.,"{244., 228., 224., 223., 221., 234., 223., 222., 230., 222., 223., 223., 222., 223., 222., 223., 222., 223., 221., 222., 222., 223., 222., 233., 223., 223., 221., 222., 223., 222., 222., 221., 222., 223., 222., 222., 223., 222., 223., 222., 222., 232., 222., 223., 222., 223., 222., 223., 222., 222.}","{210., 192., 191., 188., 188., 188., 188., 203., 191., 189., 187., 187., 201., 190., 189., 188., 187., 188., 187., 188., 187., 197., 187., 188., 188., 188., 188., 187., 202., 190., 188., 188., 187., 188., 188., 188., 188., 187., 188., 188., 188., 188., 188., 188., 188., 187., 188., 187., 187., 201.}","{495., 475., 424., 406., 404., 404., 405., 405., 405., 419., 407., 406., 406., 406., 406., 406., 405., 406., 415., 399., 399., 398., 398., 399., 395., 411., 400., 400., 431., 403., 402., 402., 403., 403., 403., 403., 403., 403., 421., 404., 404., 404., 429., 405., 405., 403., 404., 404., 420., 413.}"
57,58,"stage2_unit2/_plus_stage2_unit2","stage2_unit3/bn1","Threading","BatchNormalization",221.,222.3333,252.,187.,188.,211.,400.,404.90000000000003,502.,179.,182.5667,250.,213.,216.9,291.,"{252., 236., 228., 223., 235., 223., 223., 230., 222., 222., 223., 223., 222., 222., 222., 222., 222., 222., 222., 222., 223., 222., 233., 222., 223., 222., 222., 222., 223., 222., 223., 222., 222., 222., 222., 223., 222., 221., 222., 222., 235., 222., 223., 221., 223., 222., 222., 222., 223., 221.}","{211., 191., 189., 188., 188., 203., 189., 188., 187., 187., 187., 188., 188., 187., 188., 188., 188., 187., 188., 197., 188., 188., 189., 187., 188., 188., 199., 188., 188., 187., 188., 188., 187., 188., 188., 188., 188., 188., 188., 188., 187., 188., 188., 188., 188., 188., 188., 198., 188., 188.}","{502., 462., 430., 407., 405., 406., 405., 406., 420., 406., 406., 406., 404., 404., 406., 406., 406., 407., 419., 406., 407., 400., 402., 401., 411., 401., 402., 402., 413., 404., 402., 401., 402., 403., 402., 404., 401., 404., 415., 404., 404., 404., 404., 405., 404., 404., 404., 418., 404., 412.}"
67,68,"stage2_unit3/_plus_stage2_unit3","stage2_unit4/bn1","Threading","BatchNormalization",221.,222.0333,252.,186.,186.4667,211.,401.,405.1,495.,180.,183.0667,243.,215.,218.63330000000002,284.,"{252., 235., 226., 222., 222., 222., 222., 222., 229., 223., 222., 221., 222., 222., 233., 223., 223., 222., 223., 221., 222., 222., 222., 221., 222., 222., 221., 222., 222., 222., 222., 222., 236., 223., 222., 221., 222., 222., 222., 222., 221., 222., 222., 222., 221., 222., 221., 221., 221., 222.}","{211., 191., 188., 187., 186., 186., 186., 186., 187., 186., 186., 187., 186., 187., 187., 187., 186., 209., 188., 187., 194., 188., 187., 186., 186., 187., 186., 186., 186., 186., 186., 186., 186., 187., 186., 186., 187., 186., 200., 187., 187., 186., 186., 186., 187., 187., 186., 187., 186., 186.}","{495., 467., 420., 403., 414., 402., 402., 401., 401., 402., 403., 403., 402., 403., 413., 404., 402., 403., 404., 404., 403., 404., 404., 403., 415., 415., 404., 404., 404., 404., 405., 405., 405., 420., 408., 409., 407., 408., 408., 408., 408., 408., 408., 427., 402., 424., 403., 403., 404., 405.}"
77,78,"stage2_unit4/_plus_stage2_unit4","stage3_unit1/bn1","Threading","BatchNormalization",220.,221.20000000000002,252.,185.,186.0333,212.,396.,403.90000000000003,495.,176.,182.70000000000002,243.,211.,217.8667,283.,"{252., 236., 229., 235., 222., 221., 221., 221., 220., 221., 220., 221., 221., 221., 228., 222., 221., 220., 221., 221., 221., 233., 222., 221., 222., 221., 221., 221., 222., 221., 221., 221., 221., 221., 221., 221., 221., 221., 233., 220., 222., 221., 221., 220., 222., 222., 221., 221., 222., 221.}","{212., 191., 189., 188., 201., 187., 186., 185., 185., 186., 185., 185., 186., 185., 185., 186., 185., 185., 185., 186., 186., 186., 186., 185., 186., 197., 186., 186., 185., 199., 186., 185., 186., 186., 186., 186., 186., 186., 185., 186., 186., 187., 186., 186., 186., 187., 187., 204., 188., 188.}","{495., 455., 424., 408., 415., 406., 405., 420., 405., 404., 405., 405., 406., 405., 405., 406., 399., 415., 400., 400., 400., 400., 400., 399., 400., 399., 400., 417., 396., 408., 401., 400., 401., 401., 400., 402., 400., 417., 402., 402., 403., 405., 404., 405., 405., 405., 405., 421., 410., 408.}"
88,89,"stage3_unit1/_plus_stage3_unit1","stage3_unit2/bn1","Threading","BatchNormalization",123.,124.7,143.,110.,111.6667,133.,230.,232.66670000000002,274.,107.,107.9667,131.,120.,121.,141.,"{143., 128., 126., 125., 125., 136., 126., 126., 125., 132., 125., 125., 125., 125., 124., 125., 125., 124., 125., 125., 124., 125., 124., 125., 125., 125., 125., 125., 124., 125., 124., 125., 125., 124., 124., 124., 135., 124., 125., 124., 124., 124., 124., 124., 124., 124., 125., 125., 123., 124.}","{133., 116., 113., 113., 113., 112., 112., 112., 112., 112., 112., 111., 111., 112., 111., 112., 112., 112., 112., 111., 111., 111., 111., 112., 126., 113., 112., 112., 111., 111., 111., 112., 112., 111., 112., 111., 111., 112., 110., 111., 112., 112., 112., 111., 111., 111., 112., 111., 111., 125.}","{274., 252., 238., 234., 232., 250., 239., 238., 237., 234., 233., 235., 248., 234., 233., 245., 234., 232., 231., 233., 231., 232., 232., 232., 233., 232., 232., 231., 232., 244., 231., 232., 232., 232., 230., 231., 231., 232., 232., 232., 232., 232., 232., 232., 232., 232., 244., 230., 232., 232.}"
98,99,"stage3_unit2/_plus_stage3_unit2","stage3_unit3/bn1","Threading","BatchNormalization",123.,124.4667,141.,113.,114.2333,135.,230.,232.5,273.,107.,108.03330000000001,132.,117.,118.2667,138.,"{141., 127., 125., 125., 125., 124., 125., 124., 124., 125., 124., 125., 125., 124., 124., 125., 131., 125., 124., 124., 124., 124., 124., 124., 124., 125., 135., 125., 124., 125., 125., 124., 125., 125., 125., 124., 125., 125., 124., 124., 124., 123., 124., 124., 124., 124., 124., 125., 125., 124.}","{135., 119., 116., 115., 115., 114., 115., 114., 114., 114., 113., 115., 114., 127., 116., 114., 114., 114., 114., 128., 115., 115., 114., 114., 114., 113., 114., 113., 114., 115., 115., 114., 114., 114., 114., 114., 114., 113., 114., 114., 114., 114., 115., 114., 113., 114., 114., 114., 126., 115.}","{273., 251., 238., 236., 235., 237., 236., 252., 234., 235., 234., 233., 232., 233., 232., 232., 232., 232., 231., 232., 230., 233., 233., 231., 249., 233., 232., 232., 231., 233., 232., 232., 231., 231., 233., 231., 242., 231., 231., 232., 232., 244., 230., 232., 232., 233., 232., 231., 230., 230.}"
108,109,"stage3_unit3/_plus_stage3_unit3","stage3_unit4/bn1","Threading","BatchNormalization",137.,139.4667,160.,170.,172.8333,198.,317.,319.0333,385.,180.,179.5667,225.,147.,146.20000000000002,187.,"{160., 140., 138., 138., 137., 137., 137., 145., 138., 138., 137., 137., 137., 137., 138., 137., 137., 155., 141., 140., 139., 139., 140., 140., 140., 140., 140., 140., 140., 140., 139., 140., 140., 140., 140., 140., 139., 140., 139., 140., 140., 141., 139., 139., 140., 152., 141., 140., 139., 140.}","{198., 174., 172., 172., 172., 171., 171., 171., 172., 171., 171., 172., 171., 172., 171., 172., 172., 172., 173., 170., 188., 173., 174., 174., 173., 173., 173., 173., 173., 174., 173., 173., 173., 173., 173., 182., 173., 173., 174., 173., 174., 174., 172., 185., 174., 173., 174., 174., 173., 172.}","{385., 343., 321., 319., 319., 319., 318., 319., 319., 319., 320., 319., 332., 319., 320., 318., 318., 317., 319., 318., 324., 319., 318., 318., 318., 331., 319., 320., 320., 322., 319., 318., 320., 319., 318., 319., 318., 331., 319., 318., 319., 320., 318., 319., 320., 319., 319., 319., 319., 318.}"
118,119,"stage3_unit4/_plus_stage3_unit4","stage3_unit5/bn1","Threading","BatchNormalization",118.,120.,149.,109.,119.9333,208.,222.,224.5667,270.,104.,104.56670000000001,121.,113.,104.6333,62.,"{149., 123., 121., 120., 120., 123., 121., 119., 120., 121., 119., 121., 120., 120., 120., 127., 119., 120., 120., 119., 119., 120., 119., 119., 120., 119., 120., 120., 120., 119., 120., 120., 127., 122., 120., 120., 120., 120., 127., 119., 126., 118., 120., 120., 120., 120., 120., 120., 119., 120.}","{137., 114., 111., 112., 109., 111., 110., 110., 110., 110., 110., 110., 111., 123., 112., 111., 112., 111., 111., 111., 111., 119., 111., 111., 116., 110., 110., 110., 110., 109., 110., 110., 110., 110., 110., 111., 111., 204., 190., 184., 185., 184., 185., 183., 208., 187., 186., 194., 186., 187.}","{270., 242., 230., 245., 228., 227., 235., 226., 226., 225., 225., 227., 224., 225., 224., 224., 224., 224., 224., 224., 222., 233., 223., 233., 230., 232., 223., 224., 224., 223., 222., 223., 223., 224., 224., 224., 224., 225., 237., 223., 222., 223., 222., 223., 224., 224., 224., 224., 225., 224.}"
128,129,"stage3_unit5/_plus_stage3_unit5","stage3_unit6/bn1","Threading","BatchNormalization",139.,139.4667,158.,170.,172.9333,196.,317.,318.2,368.,178.,178.7333,210.,147.,145.26670000000001,172.,"{158., 142., 140., 139., 139., 140., 139., 140., 139., 139., 139., 139., 140., 139., 139., 139., 140., 140., 139., 152., 141., 140., 139., 139., 139., 140., 139., 139., 139., 139., 140., 139., 139., 139., 140., 140., 140., 139., 140., 139., 140., 140., 139., 140., 139., 140., 139., 151., 140., 140.}","{196., 173., 174., 172., 170., 171., 172., 171., 171., 171., 171., 171., 171., 171., 178., 173., 173., 171., 171., 171., 170., 171., 188., 174., 174., 173., 173., 174., 173., 173., 174., 174., 174., 174., 173., 173., 173., 173., 173., 174., 173., 173., 174., 173., 181., 174., 174., 173., 174., 174.}","{368., 358., 329., 318., 317., 318., 319., 318., 318., 326., 318., 318., 318., 332., 318., 319., 318., 318., 318., 318., 318., 318., 318., 319., 318., 318., 332., 323., 319., 319., 318., 319., 317., 319., 317., 318., 318., 318., 330., 318., 324., 317., 318., 317., 318., 318., 318., 318., 317., 317.}"
138,139,"stage3_unit6/_plus_stage3_unit6","stage3_unit7/bn1","Threading","BatchNormalization",121.,121.4667,142.,114.,114.56670000000001,136.,226.,229.10000000000002,273.,105.,107.6333,131.,112.,114.53330000000001,137.,"{138., 124., 123., 122., 121., 121., 121., 122., 121., 121., 121., 121., 121., 121., 121., 122., 121., 142., 135., 125., 121., 121., 130., 121., 122., 122., 121., 121., 121., 122., 121., 121., 121., 121., 122., 122., 122., 121., 121., 122., 122., 122., 122., 122., 121., 121., 122., 122., 121., 133.}","{136., 120., 116., 116., 115., 130., 116., 115., 114., 115., 115., 114., 115., 114., 114., 115., 114., 114., 114., 115., 115., 115., 114., 114., 115., 114., 114., 122., 116., 114., 115., 115., 115., 115., 115., 114., 114., 115., 114., 129., 115., 114., 114., 115., 114., 114., 114., 114., 114., 114.}","{273., 248., 234., 243., 233., 230., 232., 231., 231., 231., 229., 229., 228., 230., 242., 231., 228., 227., 229., 228., 241., 230., 226., 227., 228., 226., 229., 227., 227., 229., 229., 228., 234., 230., 227., 229., 227., 243., 240., 227., 236., 228., 227., 227., 229., 226., 228., 227., 227., 228.}"
148,149,"stage3_unit7/_plus_stage3_unit7","stage3_unit8/bn1","Threading","BatchNormalization",124.,124.7667,142.,113.,114.4333,136.,223.,225.,293.,99.,100.2333,151.,110.,110.56670000000001,157.,"{142., 128., 125., 125., 124., 125., 125., 125., 124., 125., 124., 124., 138., 126., 124., 125., 124., 139., 125., 126., 126., 125., 125., 125., 125., 125., 125., 124., 124., 125., 124., 124., 124., 124., 125., 125., 124., 124., 124., 125., 124., 125., 125., 135., 125., 125., 125., 125., 124., 125.}","{136., 133., 116., 115., 115., 115., 115., 115., 116., 115., 115., 115., 114., 114., 115., 115., 115., 114., 115., 114., 114., 114., 113., 125., 118., 115., 114., 114., 114., 115., 115., 114., 114., 113., 114., 128., 115., 114., 114., 113., 114., 113., 114., 114., 114., 114., 114., 114., 114., 114.}","{293., 254., 238., 229., 226., 226., 226., 225., 226., 226., 226., 224., 224., 225., 225., 225., 226., 238., 227., 227., 225., 226., 226., 224., 224., 224., 224., 225., 225., 224., 224., 224., 224., 225., 236., 224., 224., 235., 225., 224., 225., 225., 225., 224., 224., 225., 224., 223., 225., 224.}"
158,159,"stage3_unit8/_plus_stage3_unit8","stage3_unit9/bn1","Threading","BatchNormalization",123.,124.,142.,114.,115.6667,160.,223.,224.16670000000002,274.,100.,100.1667,132.,109.,108.5,114.,"{142., 127., 126., 124., 138., 125., 124., 124., 124., 124., 125., 124., 124., 123., 124., 124., 124., 124., 124., 124., 124., 124., 124., 124., 124., 124., 124., 125., 123., 125., 124., 124., 123., 124., 124., 124., 134., 125., 124., 124., 124., 123., 124., 124., 124., 123., 123., 123., 124., 124.}","{136., 119., 117., 115., 140., 160., 120., 117., 116., 116., 115., 115., 115., 116., 115., 115., 115., 115., 115., 115., 115., 115., 115., 115., 115., 114., 131., 117., 116., 116., 115., 117., 116., 116., 116., 116., 116., 116., 115., 116., 116., 116., 116., 116., 115., 116., 116., 115., 116., 116.}","{274., 250., 227., 226., 224., 224., 224., 224., 224., 223., 224., 223., 224., 237., 225., 224., 233., 224., 224., 224., 224., 224., 223., 223., 223., 224., 224., 224., 223., 224., 235., 223., 224., 223., 224., 225., 224., 224., 224., 224., 224., 225., 223., 225., 224., 224., 225., 225., 239., 227.}"
168,169,"stage3_unit9/_plus_stage3_unit9","stage3_unit10/bn1","Threading","BatchNormalization",123.,124.4,141.,113.,114.10000000000001,135.,228.,231.3,272.,105.,106.9,131.,115.,117.2,137.,"{141., 128., 126., 125., 124., 137., 124., 125., 124., 124., 133., 125., 124., 125., 125., 124., 124., 124., 124., 124., 124., 124., 124., 126., 125., 125., 124., 125., 124., 125., 124., 125., 125., 125., 125., 124., 124., 136., 125., 125., 124., 124., 124., 124., 123., 124., 124., 124., 124., 124.}","{135., 119., 115., 115., 114., 115., 113., 114., 114., 114., 114., 113., 114., 115., 123., 115., 114., 115., 115., 114., 114., 114., 114., 115., 114., 127., 115., 114., 113., 114., 114., 114., 113., 114., 113., 113., 113., 114., 114., 114., 114., 114., 114., 114., 114., 114., 113., 114., 114., 113.}","{272., 249., 237., 236., 234., 235., 235., 233., 232., 231., 233., 233., 233., 248., 233., 230., 232., 232., 231., 231., 231., 229., 229., 230., 230., 231., 229., 230., 231., 230., 248., 231., 231., 240., 231., 231., 229., 230., 230., 230., 230., 228., 228., 230., 231., 229., 229., 245., 233., 229.}"
178,179,"stage3_unit10/_plus_stage3_unit10","stage3_unit11/bn1","Threading","BatchNormalization",122.,123.7,141.,113.,114.,136.,226.,228.5,275.,104.,104.80000000000001,134.,113.,114.5,139.,"{141., 140., 125., 125., 123., 124., 124., 123., 124., 124., 124., 124., 124., 123., 124., 124., 124., 124., 124., 124., 124., 124., 124., 123., 124., 124., 123., 124., 136., 124., 123., 124., 122., 124., 123., 123., 124., 124., 123., 123., 123., 123., 123., 124., 123., 123., 123., 123., 123., 132.}","{136., 119., 116., 115., 114., 115., 114., 114., 114., 114., 114., 114., 114., 113., 115., 114., 114., 131., 114., 114., 113., 114., 113., 114., 114., 114., 114., 114., 114., 114., 114., 113., 113., 114., 113., 114., 113., 114., 114., 114., 114., 114., 114., 113., 114., 114., 113., 114., 114., 113.}","{275., 250., 234., 232., 230., 232., 229., 230., 229., 232., 229., 240., 230., 229., 229., 228., 229., 228., 228., 229., 229., 228., 230., 228., 228., 227., 241., 228., 229., 227., 227., 228., 228., 227., 226., 228., 226., 229., 227., 228., 227., 229., 228., 242., 227., 227., 227., 228., 227., 228.}"
188,189,"stage3_unit11/_plus_stage3_unit11","stage3_unit12/bn1","Threading","BatchNormalization",121.,123.4,138.,113.,113.86670000000001,136.,223.,224.66670000000002,276.,102.,101.2667,138.,110.,110.80000000000001,140.,"{138., 125., 123., 122., 122., 123., 121., 122., 122., 121., 121., 121., 121., 129., 122., 121., 122., 123., 122., 121., 121., 121., 121., 121., 136., 126., 125., 124., 125., 124., 124., 124., 125., 124., 124., 124., 124., 125., 124., 124., 125., 125., 123., 125., 124., 124., 124., 124., 124., 125.}","{136., 119., 116., 115., 114., 115., 113., 114., 114., 114., 114., 114., 114., 114., 125., 114., 114., 113., 114., 125., 116., 113., 114., 114., 114., 113., 114., 113., 113., 114., 114., 113., 114., 114., 114., 113., 114., 113., 114., 113., 113., 113., 113., 114., 114., 114., 113., 114., 128., 116.}","{276., 252., 239., 228., 227., 227., 242., 227., 224., 225., 225., 224., 224., 225., 224., 225., 224., 224., 225., 225., 224., 225., 224., 224., 228., 224., 224., 225., 224., 223., 224., 224., 224., 225., 224., 234., 225., 224., 225., 225., 225., 238., 226., 224., 225., 224., 225., 224., 224., 224.}"
198,199,"stage3_unit12/_plus_stage3_unit12","stage3_unit13/bn1","Threading","BatchNormalization",126.,127.5,144.,113.,114.1333,135.,223.,225.8333,282.,97.,98.33330000000001,138.,110.,111.7,147.,"{144., 130., 128., 128., 128., 128., 129., 127., 128., 127., 127., 126., 127., 127., 127., 129., 128., 129., 139., 128., 127., 129., 127., 127., 128., 126., 126., 128., 127., 127., 127., 127., 126., 127., 127., 144., 129., 127., 127., 127., 126., 127., 128., 128., 127., 128., 130., 127., 138., 128.}","{135., 120., 115., 116., 115., 115., 126., 115., 114., 114., 128., 115., 114., 115., 114., 115., 114., 114., 114., 114., 114., 114., 114., 113., 114., 114., 113., 114., 113., 114., 114., 114., 114., 114., 114., 114., 114., 114., 114., 114., 128., 116., 114., 114., 114., 114., 113., 114., 114., 114.}","{282., 254., 256., 228., 226., 226., 226., 226., 226., 226., 225., 225., 225., 226., 233., 226., 226., 226., 225., 226., 231., 227., 226., 227., 225., 227., 226., 226., 226., 226., 227., 227., 226., 226., 226., 226., 226., 241., 225., 224., 224., 225., 224., 224., 225., 224., 223., 224., 224., 224.}"
208,209,"stage3_unit13/_plus_stage3_unit13","stage3_unit14/bn1","Threading","BatchNormalization",123.,124.4,142.,113.,113.53330000000001,136.,226.,228.9,274.,103.,104.5,132.,113.,115.36670000000001,138.,"{142., 126., 125., 125., 124., 124., 124., 123., 125., 136., 124., 125., 124., 124., 134., 125., 125., 125., 125., 125., 124., 126., 124., 125., 124., 125., 124., 124., 124., 124., 125., 124., 124., 125., 124., 124., 125., 124., 123., 124., 125., 135., 124., 125., 124., 124., 124., 124., 124., 124.}","{136., 118., 115., 114., 115., 114., 114., 114., 114., 113., 113., 114., 113., 113., 113., 113., 114., 114., 113., 123., 114., 114., 114., 114., 113., 114., 114., 113., 114., 114., 124., 116., 114., 113., 113., 113., 113., 114., 113., 113., 114., 113., 113., 113., 113., 113., 113., 113., 113., 113.}","{274., 251., 235., 235., 233., 233., 232., 230., 231., 232., 232., 230., 229., 229., 229., 247., 230., 229., 230., 229., 229., 227., 229., 228., 228., 228., 227., 229., 228., 229., 228., 227., 243., 227., 228., 240., 228., 227., 228., 227., 227., 227., 226., 227., 227., 228., 228., 228., 228., 228.}"
218,219,"stage3_unit14/_plus_stage3_unit14","stage3_unit15/bn1","Threading","BatchNormalization",137.,137.5667,162.,173.,173.70000000000002,198.,318.,319.7,375.,181.,182.13330000000002,213.,145.,146.,177.,"{162., 140., 138., 138., 138., 137., 137., 137., 138., 137., 137., 138., 138., 137., 138., 137., 138., 138., 138., 138., 137., 138., 137., 149., 146., 138., 137., 137., 138., 137., 137., 137., 137., 137., 138., 137., 138., 138., 138., 137., 138., 137., 145., 137., 138., 138., 137., 137., 137., 138.}","{198., 177., 188., 175., 173., 173., 183., 173., 174., 173., 173., 173., 173., 174., 175., 173., 173., 174., 173., 175., 174., 174., 173., 173., 174., 185., 175., 174., 174., 173., 173., 174., 174., 173., 173., 174., 173., 174., 174., 174., 174., 173., 174., 174., 174., 174., 173., 174., 184., 174.}","{375., 341., 322., 333., 323., 326., 320., 320., 320., 320., 321., 319., 319., 320., 319., 332., 320., 319., 320., 319., 319., 320., 319., 320., 320., 319., 319., 330., 319., 320., 321., 323., 319., 319., 319., 320., 326., 318., 320., 318., 332., 320., 319., 319., 319., 319., 318., 318., 319., 319.}"
228,229,"stage3_unit15/_plus_stage3_unit15","stage3_unit16/bn1","Threading","BatchNormalization",126.,127.,144.,111.,112.83330000000001,138.,229.,231.5,276.,103.,104.5,132.,118.,118.6667,138.,"{144., 130., 128., 128., 127., 127., 127., 127., 126., 126., 128., 126., 127., 126., 127., 127., 127., 127., 127., 127., 127., 126., 127., 126., 127., 126., 128., 139., 127., 127., 127., 127., 127., 127., 127., 127., 127., 127., 127., 127., 127., 126., 127., 126., 127., 127., 127., 127., 127., 126.}","{138., 121., 118., 117., 117., 117., 118., 117., 117., 117., 117., 117., 116., 129., 113., 112., 112., 112., 112., 112., 112., 112., 111., 112., 112., 111., 112., 112., 111., 111., 111., 111., 112., 111., 112., 111., 111., 111., 111., 111., 111., 112., 112., 112., 111., 111., 112., 112., 131., 118.}","{276., 251., 236., 234., 232., 231., 232., 247., 232., 231., 232., 232., 232., 233., 231., 232., 231., 232., 233., 241., 232., 232., 231., 230., 247., 230., 231., 231., 232., 231., 231., 230., 231., 231., 230., 230., 230., 231., 229., 230., 230., 241., 232., 231., 230., 256., 234., 230., 231., 231.}"
238,239,"stage3_unit16/_plus_stage3_unit16","stage3_unit17/bn1","Threading","BatchNormalization",123.,124.1667,141.,114.,114.60000000000001,136.,223.,225.26670000000001,275.,100.,101.10000000000001,134.,109.,110.6667,139.,"{141., 128., 125., 124., 124., 124., 125., 125., 124., 124., 124., 125., 124., 123., 124., 124., 124., 124., 124., 125., 124., 124., 124., 125., 136., 126., 124., 124., 125., 134., 124., 124., 124., 124., 125., 124., 124., 124., 124., 125., 124., 124., 124., 124., 125., 124., 124., 124., 124., 124.}","{136., 119., 126., 116., 116., 115., 115., 115., 115., 115., 115., 115., 115., 130., 116., 114., 115., 114., 114., 115., 115., 115., 114., 114., 114., 114., 115., 115., 115., 116., 114., 114., 114., 115., 114., 114., 114., 114., 114., 114., 114., 115., 114., 114., 114., 114., 114., 127., 116., 115.}","{275., 250., 243., 228., 226., 226., 243., 227., 226., 226., 226., 227., 225., 226., 226., 226., 226., 226., 226., 224., 224., 225., 224., 224., 232., 224., 235., 224., 224., 225., 224., 223., 225., 224., 224., 225., 224., 225., 225., 225., 225., 239., 226., 225., 225., 224., 225., 225., 224., 225.}"
248,249,"stage3_unit17/_plus_stage3_unit17","stage3_unit18/bn1","Threading","BatchNormalization",124.,125.,142.,113.,114.10000000000001,136.,223.,225.10000000000002,272.,99.,100.10000000000001,130.,110.,111.,136.,"{142., 128., 126., 126., 125., 125., 125., 125., 125., 135., 125., 124., 125., 125., 125., 124., 125., 125., 125., 124., 124., 125., 125., 124., 125., 124., 125., 125., 124., 125., 133., 126., 125., 125., 125., 125., 125., 124., 125., 125., 125., 136., 126., 125., 125., 124., 125., 125., 125., 126.}","{136., 119., 115., 115., 114., 114., 114., 114., 115., 115., 114., 114., 114., 113., 114., 113., 114., 114., 114., 113., 114., 114., 114., 114., 114., 113., 114., 114., 113., 114., 114., 114., 128., 116., 114., 115., 113., 122., 115., 115., 115., 114., 114., 113., 114., 114., 114., 114., 114., 113.}","{272., 259., 239., 226., 225., 226., 225., 224., 225., 225., 225., 225., 225., 225., 225., 223., 235., 226., 226., 225., 225., 225., 225., 226., 225., 224., 225., 225., 225., 225., 225., 224., 226., 241., 224., 225., 225., 224., 225., 224., 224., 225., 224., 225., 226., 234., 225., 225., 225., 225.}"
258,259,"stage3_unit18/_plus_stage3_unit18","stage3_unit19/bn1","Threading","BatchNormalization",123.,124.9,142.,113.,114.4333,136.,227.,231.4667,275.,104.,106.56670000000001,133.,114.,117.03330000000001,139.,"{142., 127., 126., 125., 124., 125., 125., 125., 125., 124., 124., 138., 125., 125., 125., 124., 133., 125., 125., 124., 125., 125., 125., 125., 125., 125., 124., 125., 125., 125., 125., 126., 125., 125., 124., 125., 124., 125., 124., 124., 125., 125., 139., 123., 125., 125., 124., 125., 124., 125.}","{136., 119., 116., 115., 115., 115., 114., 115., 115., 114., 114., 114., 114., 115., 115., 115., 113., 114., 114., 125., 116., 115., 114., 115., 114., 114., 114., 115., 113., 114., 114., 129., 116., 114., 114., 115., 114., 114., 114., 115., 115., 115., 115., 114., 114., 114., 114., 114., 114., 114.}","{275., 252., 236., 234., 233., 234., 233., 233., 235., 233., 232., 232., 232., 232., 232., 232., 245., 233., 231., 231., 232., 232., 229., 230., 232., 230., 232., 230., 230., 230., 231., 232., 230., 249., 241., 234., 241., 232., 230., 229., 227., 229., 228., 228., 227., 229., 227., 229., 228., 228.}"
268,269,"stage3_unit19/_plus_stage3_unit19","stage3_unit20/bn1","Threading","BatchNormalization",124.,124.1333,149.,113.,113.9667,142.,231.,232.5333,274.,107.,108.4,125.,118.,118.56670000000001,132.,"{142., 128., 125., 138., 124., 124., 125., 124., 125., 124., 124., 125., 125., 124., 124., 124., 124., 124., 124., 124., 124., 124., 124., 124., 124., 124., 124., 124., 124., 124., 149., 130., 125., 124., 124., 135., 125., 124., 124., 124., 133., 124., 124., 124., 124., 124., 124., 124., 124., 124.}","{142., 121., 116., 115., 115., 115., 114., 114., 114., 114., 114., 115., 114., 114., 113., 115., 114., 114., 114., 114., 115., 114., 129., 115., 113., 113., 113., 114., 114., 113., 114., 113., 113., 114., 114., 114., 113., 113., 113., 114., 113., 113., 114., 114., 114., 123., 114., 114., 114., 113.}","{274., 250., 237., 236., 235., 236., 244., 235., 233., 233., 232., 232., 245., 234., 234., 232., 232., 231., 232., 232., 232., 232., 232., 232., 231., 232., 233., 233., 232., 247., 233., 231., 231., 232., 232., 233., 232., 231., 232., 232., 232., 232., 232., 232., 232., 232., 243., 231., 239., 232.}"
278,279,"stage3_unit20/_plus_stage3_unit20","stage3_unit21/bn1","Threading","BatchNormalization",123.,124.1333,142.,114.,114.56670000000001,136.,229.,232.5333,274.,106.,108.4,132.,115.,117.9667,138.,"{142., 127., 138., 126., 125., 125., 125., 124., 124., 124., 125., 125., 124., 124., 125., 124., 124., 124., 124., 124., 124., 124., 124., 125., 124., 124., 125., 124., 123., 124., 124., 124., 124., 124., 135., 124., 124., 124., 124., 124., 124., 124., 125., 124., 124., 124., 124., 123., 124., 124.}","{136., 120., 116., 115., 115., 115., 116., 115., 114., 116., 115., 115., 115., 114., 114., 115., 115., 115., 115., 114., 114., 116., 115., 114., 115., 114., 114., 114., 115., 115., 114., 114., 114., 115., 114., 114., 114., 114., 115., 115., 114., 115., 115., 115., 114., 114., 114., 114., 114., 114.}","{274., 252., 239., 237., 237., 235., 235., 235., 237., 235., 235., 249., 234., 232., 241., 232., 231., 232., 232., 232., 232., 232., 232., 232., 232., 231., 233., 232., 246., 231., 231., 232., 232., 231., 230., 229., 232., 232., 232., 232., 230., 233., 231., 230., 231., 244., 232., 232., 231., 230.}"
288,289,"stage3_unit21/_plus_stage3_unit21","stage3_unit22/bn1","Threading","BatchNormalization",123.,124.5,140.,113.,114.10000000000001,137.,229.,232.76670000000001,275.,106.,108.2667,135.,116.,118.6667,138.,"{140., 124., 124., 133., 140., 127., 124., 125., 125., 124., 124., 125., 125., 124., 125., 124., 124., 125., 124., 124., 125., 125., 125., 125., 125., 125., 124., 124., 124., 137., 123., 125., 125., 123., 125., 124., 124., 125., 124., 125., 125., 124., 124., 124., 125., 124., 124., 124., 125., 124.}","{137., 118., 116., 116., 124., 116., 115., 114., 115., 115., 114., 114., 115., 114., 114., 114., 129., 117., 114., 114., 114., 114., 114., 114., 114., 114., 114., 114., 113., 114., 114., 114., 114., 114., 114., 114., 114., 114., 114., 115., 113., 113., 114., 113., 114., 114., 114., 114., 114., 114.}","{275., 250., 238., 236., 234., 235., 255., 239., 236., 246., 236., 233., 232., 233., 235., 233., 234., 232., 232., 233., 232., 233., 233., 235., 233., 232., 245., 233., 245., 229., 232., 232., 231., 231., 229., 230., 231., 231., 229., 230., 231., 230., 230., 244., 231., 230., 233., 231., 231., 230.}"
298,299,"stage3_unit22/_plus_stage3_unit22","stage3_unit23/bn1","Threading","BatchNormalization",123.,125.56670000000001,142.,113.,114.03330000000001,135.,222.,224.63330000000002,271.,99.,99.06670000000001,129.,109.,110.60000000000001,136.,"{142., 127., 125., 125., 125., 125., 125., 124., 125., 125., 123., 125., 125., 125., 124., 125., 123., 125., 124., 125., 124., 124., 124., 136., 140., 126., 123., 123., 131., 136., 128., 126., 126., 126., 126., 126., 126., 126., 126., 127., 126., 126., 126., 126., 126., 127., 126., 126., 126., 126.}","{135., 119., 115., 115., 114., 115., 114., 113., 114., 114., 113., 114., 129., 115., 115., 114., 113., 114., 114., 114., 113., 114., 114., 114., 113., 114., 113., 113., 114., 114., 114., 113., 113., 113., 120., 115., 114., 114., 113., 114., 113., 114., 114., 114., 114., 114., 128., 116., 115., 114.}","{271., 247., 233., 223., 222., 240., 227., 225., 225., 224., 224., 224., 225., 225., 224., 224., 225., 225., 225., 224., 225., 223., 224., 237., 226., 225., 224., 225., 223., 225., 224., 224., 224., 225., 225., 224., 225., 224., 225., 225., 237., 224., 224., 236., 224., 225., 225., 226., 224., 225.}"
308,309,"stage3_unit23/_plus_stage3_unit23","stage4_unit1/bn1","Threading","BatchNormalization",124.,124.6333,141.,113.,114.2333,151.,229.,232.3,275.,105.,107.6667,134.,116.,118.06670000000001,124.,"{141., 128., 125., 126., 124., 125., 124., 126., 125., 125., 124., 125., 124., 124., 137., 126., 125., 125., 124., 125., 124., 124., 124., 125., 125., 125., 124., 124., 124., 125., 125., 125., 124., 124., 124., 124., 125., 125., 124., 124., 125., 124., 124., 125., 125., 125., 135., 125., 125., 124.}","{151., 120., 117., 115., 115., 114., 114., 114., 115., 114., 113., 114., 114., 114., 114., 114., 113., 114., 114., 114., 114., 115., 114., 114., 114., 114., 114., 115., 113., 114., 114., 115., 115., 114., 128., 116., 114., 114., 114., 114., 115., 114., 114., 115., 113., 115., 115., 115., 114., 114.}","{275., 266., 239., 238., 238., 237., 234., 234., 233., 231., 232., 232., 232., 233., 231., 232., 232., 232., 245., 234., 243., 233., 232., 230., 233., 232., 232., 229., 231., 231., 231., 233., 231., 230., 230., 242., 233., 232., 232., 233., 232., 232., 233., 232., 232., 231., 232., 232., 230., 229.}"
319,320,"stage4_unit1/_plus_stage4_unit1","stage4_unit2/bn1","Threading","BatchNormalization",76.,76.60000000000001,96.,98.,100.33330000000001,132.,140.,142.13330000000002,185.,64.,65.5333,89.,42.,41.800000000000004,53.,"{96., 80., 79., 77., 76., 77., 77., 77., 76., 77., 77., 77., 76., 76., 77., 77., 76., 77., 77., 76., 76., 76., 76., 76., 77., 76., 76., 77., 76., 76., 77., 76., 77., 77., 77., 76., 76., 76., 76., 77., 77., 76., 77., 77., 76., 77., 77., 76., 87., 77.}","{121., 103., 128., 132., 103., 100., 100., 98., 98., 99., 98., 99., 99., 98., 99., 98., 99., 98., 99., 99., 99., 99., 99., 99., 98., 99., 98., 115., 102., 101., 101., 101., 101., 109., 102., 101., 101., 101., 102., 102., 101., 101., 101., 101., 101., 101., 102., 101., 101., 101.}","{185., 162., 144., 144., 143., 144., 143., 142., 142., 142., 142., 142., 142., 156., 144., 142., 142., 142., 142., 142., 142., 141., 142., 142., 142., 141., 140., 142., 142., 141., 142., 154., 143., 142., 141., 142., 141., 142., 141., 141., 153., 143., 143., 142., 141., 141., 142., 142., 142., 142.}"
329,330,"stage4_unit2/_plus_stage4_unit2","stage4_unit3/bn1","Threading","BatchNormalization",70.,70.8,105.,93.,94.,119.,136.,138.3333,208.,66.,67.5333,103.,43.,44.3333,89.,"{105., 76., 72., 71., 71., 71., 70., 81., 72., 71., 71., 71., 70., 70., 71., 70., 71., 70., 71., 70., 71., 71., 70., 71., 70., 71., 70., 70., 71., 78., 71., 71., 71., 71., 70., 71., 81., 71., 71., 71., 70., 71., 70., 71., 71., 70., 70., 71., 71., 70.}","{119., 101., 96., 95., 94., 95., 94., 94., 94., 94., 94., 94., 94., 94., 94., 94., 94., 94., 93., 94., 94., 100., 113., 96., 95., 94., 94., 94., 94., 94., 93., 93., 93., 94., 94., 94., 94., 93., 94., 94., 93., 94., 94., 93., 94., 94., 93., 93., 94., 94.}","{199., 167., 149., 139., 137., 137., 136., 136., 138., 137., 136., 137., 153., 144., 142., 137., 137., 137., 137., 137., 137., 151., 208., 151., 142., 139., 138., 139., 138., 139., 138., 138., 138., 139., 139., 137., 138., 138., 137., 137., 158., 140., 139., 139., 138., 138., 138., 138., 140., 138.}"
339,340,"stage4_unit3/_plus_stage4_unit3","bn1","Threading","BatchNormalization",85.,85.5,104.,157.,159.13330000000002,181.,218.,219.70000000000002,269.,133.,134.20000000000002,165.,61.,60.566700000000004,88.,"{104., 87., 86., 85., 86., 86., 86., 85., 85., 85., 88., 87., 86., 85., 86., 85., 85., 85., 86., 86., 85., 85., 86., 86., 85., 86., 86., 85., 86., 86., 85., 85., 85., 86., 85., 86., 85., 85., 86., 86., 85., 86., 85., 85., 98., 87., 85., 85., 85., 85.}","{181., 162., 159., 160., 158., 157., 159., 165., 160., 160., 158., 159., 159., 160., 159., 158., 170., 160., 159., 159., 159., 159., 159., 159., 159., 158., 160., 159., 158., 159., 158., 159., 158., 159., 159., 158., 162., 160., 159., 159., 159., 172., 159., 158., 159., 159., 159., 159., 159., 160.}","{269., 235., 221., 221., 220., 219., 220., 234., 219., 218., 218., 219., 222., 222., 218., 219., 219., 220., 218., 219., 220., 219., 219., 219., 219., 231., 222., 228., 225., 219., 219., 219., 218., 219., 220., 225., 223., 219., 219., 219., 220., 219., 219., 231., 221., 218., 218., 219., 221., 220.}"
