"name","input_channel","input_height","input_width","output_channel","output_height","output_width","function","kernel_1","kernel_2","stride_1","stride_2","dilation_1","dilation_2","add_flops","div_flops","cmp_flops","exp_flops","mad_flops","min_time","mean_time","max_time","raw_time"
"conv1a",1,320,320,4096,318,318,"",3,3,1,1,1,1,0,0,0,0,3727835136,228876.,230068.3333,477674.,"{477674., 231192., 230016., 229674., 230057., 230776., 229665., 228876., 230222., 229152.}"
"conv1a",2,320,320,2048,318,318,"",3,3,1,1,1,1,0,0,0,0,3727835136,120595.,121361.1667,309457.,"{309457., 121637., 120709., 121030., 121642., 121435., 121458., 120595., 121291., 121316.}"
"conv1a",4,320,320,1024,318,318,"",3,3,1,1,1,1,0,0,0,0,3727835136,67172.,67622.5,175855.,"{175855., 92047., 68055., 67791., 67697., 67217., 67497., 67232., 67463., 67172.}"
"conv1a",8,320,320,512,318,318,"",3,3,1,1,1,1,0,0,0,0,3727835136,57741.,61362.6667,122982.,"{122982., 80860., 78551., 57745., 57891., 58226., 57793., 57741., 57937., 57778.}"
"conv1a",16,320,320,256,318,318,"",3,3,1,1,1,1,0,0,0,0,3727835136,35900.,38373.,87823.,"{87823., 54471., 49681., 36133., 36049., 35900., 36113., 35901., 35995., 36267.}"
"conv1a",32,320,320,128,318,318,"",3,3,1,1,1,1,0,0,0,0,3727835136,42692.,42882.6667,145063.,"{145063., 43017., 42776., 42692., 42834., 42805., 42723., 42992., 42992., 42897.}"
"conv1a",64,320,320,64,318,318,"",3,3,1,1,1,1,0,0,0,0,3727835136,63518.,63747.,186279.,"{186279., 63824., 63831., 63782., 63752., 63752., 63602., 63696., 63676., 63518.}"
"conv1a",128,320,320,32,318,318,"",3,3,1,1,1,1,0,0,0,0,3727835136,114647.,115064.6667,310795.,"{310795., 114752., 114678., 114647., 115313., 115310., 115103., 115102., 115190., 114931.}"
"conv1a",256,320,320,16,318,318,"",3,3,1,1,1,1,0,0,0,0,3727835136,227017.,227245.6667,619134.,"{619134., 227056., 227302., 227240., 227189., 227305., 227382., 227028., 227017., 227807.}"
"conv1a",512,320,320,8,318,318,"",3,3,1,1,1,1,0,0,0,0,3727835136,442674.,443827.1667,1.223898e6,"{1.223898*^6, 443060., 442674., 443757., 443291., 443806., 444315., 443671., 444834., 444123.}"
"conv1a",1024,320,320,4,318,318,"",3,3,1,1,1,1,0,0,0,0,3727835136,879084.,880099.,2.456841e6,"{2.456841*^6, 881105., 879780., 879126., 879941., 879084., 879182., 881945., 880506., 880080.}"
"conv1a",2048,320,320,2,318,318,"",3,3,1,1,1,1,0,0,0,0,3727835136,19.,20.5,20393.,"{20393., 31., 22., 21., 20., 20., 19., 20., 20., 20.}"
"conv1a",4096,320,320,1,318,318,"",3,3,1,1,1,1,0,0,0,0,3727835136,19.,20.3333,36904.,"{36904., 30., 22., 20., 20., 20., 19., 20., 20., 19.}"
"2a/res2a_branch1",1,160,160,4096,160,160,"",1,1,1,1,1,1,0,0,0,0,104857600,62811.,63258.,143098.,"{143098., 83512., 63222., 64304., 63013., 63176., 62849., 62835., 62984., 62811.}"
"2a/res2a_branch1",2,160,160,2048,160,160,"",1,1,1,1,1,1,0,0,0,0,104857600,28741.,36939.8333,71992.,"{71992., 54003., 54524., 51295., 29009., 28748., 28741., 28765., 29460., 29107.}"
"2a/res2a_branch1",4,160,160,1024,160,160,"",1,1,1,1,1,1,0,0,0,0,104857600,14374.,20298.333300000002,37073.,"{37073., 20268., 20294., 20263., 20591., 20341., 20334., 20290., 18272., 14374.}"
"2a/res2a_branch1",8,160,160,512,160,160,"",1,1,1,1,1,1,0,0,0,0,104857600,9897.,10020.,18415.,"{18415., 10115., 9912., 10071., 10003., 10119., 9947., 9901., 9897., 10072.}"
"2a/res2a_branch1",16,160,160,256,160,160,"",1,1,1,1,1,1,0,0,0,0,104857600,4604.,4798.8333,5826.,"{5826., 5208., 4927., 4813., 4734., 4827., 4667., 4767., 4604., 4725.}"
"2a/res2a_branch1",32,160,160,128,160,160,"",1,1,1,1,1,1,0,0,0,0,104857600,2491.,2570.8333000000002,3569.,"{3569., 2966., 2661., 2584., 2575., 2544., 2491., 2504., 2534., 2527.}"
"2a/res2a_branch1",64,160,160,64,160,160,"",1,1,1,1,1,1,0,0,0,0,104857600,1661.,1732.6667,2480.,"{2480., 2125., 1764., 1749., 1661., 1692., 1755., 1755., 1681., 1674.}"
"2a/res2a_branch1",128,160,160,32,160,160,"",1,1,1,1,1,1,0,0,0,0,104857600,1187.,1255.1667,1742.,"{1742., 1545., 1343., 1219., 1222., 1187., 1239., 1271., 1191., 1237.}"
"2a/res2a_branch1",256,160,160,16,160,160,"",1,1,1,1,1,1,0,0,0,0,104857600,1430.,1536.1667,2221.,"{2221., 2146., 1725., 1622., 1462., 1441., 1452., 1430., 1449., 1507.}"
"2a/res2a_branch1",512,160,160,8,160,160,"",1,1,1,1,1,1,0,0,0,0,104857600,2158.,2228.8333000000002,2877.,"{2877., 2543., 2322., 2236., 2195., 2235., 2195., 2190., 2158., 2183.}"
"2a/res2a_branch1",1024,160,160,4,160,160,"",1,1,1,1,1,1,0,0,0,0,104857600,4789.,4874.,5117.,"{5117., 4955., 4842., 4889., 4836., 4894., 4840., 4881., 4789., 4898.}"
"2a/res2a_branch1",2048,160,160,2,160,160,"",1,1,1,1,1,1,0,0,0,0,104857600,10707.,10753.,10973.,"{10973., 10815., 10773., 10756., 10757., 10721., 10749., 10707., 10744., 10739.}"
"2a/res2a_branch1",4096,160,160,1,160,160,"",1,1,1,1,1,1,0,0,0,0,104857600,8414.,8467.1667,15547.,"{15547., 12788., 8535., 8447., 8484., 8468., 8439., 8430., 8427., 8414.}"
"2a/res2a_branch2a",1,160,160,4096,158,158,"",3,3,1,1,1,1,0,0,0,0,920272896,56252.,56726.833300000006,147573.,"{147573., 96633., 56876., 56407., 56252., 56938., 56815., 56521., 56515., 56696.}"
