"start_index","end_index","start_name","end_name","sequence_length","sequence_name","start_layer_kind","end_layer_kind","sequence_layer_kind","min_start_index_time","mean_start_index_time","max_start_index_time","min_end_index_time","mean_end_index_time","max_end_index_time","min_path_time","mean_path_time","max_path_time","min_path_minus_start_time","mean_path_minus_start_time","max_path_minus_start_time","min_path_minus_end_time","mean_path_minus_end_time","max_path_minus_end_time","raw_start_index_time","raw_end_index_time","raw_path_time"
1,10,"conv1_1","pool2",9,"conv1_1-relu1_1-conv1_2-relu1_2-pool1-conv2_1-relu2_1-conv2_2-relu2_2-pool2","Convolution","Pooling","Convolution-Elementwise-Convolution-Elementwise-Pooling-Convolution-Elementwise-Convolution-Elementwise-Pooling",2660.,3119.6333,5176.,1895.,2408.7333000000003,4260.,77034.,77328.53330000001,104750.,74374.,74208.90000000001,99574.,75139.,74919.8,100490.,"{5165., 5176., 4835., 4697., 4698., 4657., 4713., 4628., 4710., 4603., 4743., 4602., 4691., 4624., 4604., 4611., 3209., 2823., 2700., 2723., 2686., 2746., 2688., 2705., 2685., 2693., 2720., 2716., 2770., 2721., 2693., 2660., 2793., 2691., 2685., 2702., 2699., 2677., 2720., 2774., 2688., 2699., 2711., 2792., 2684., 2670., 2685., 2721., 2708., 2660.}","{4260., 4049., 4004., 4016., 4209., 4013., 4004., 4004., 4031., 4004., 4015., 4010., 4219., 4249., 4005., 4010., 3967., 1950., 1922., 1906., 1904., 1918., 1915., 1926., 1925., 1922., 1904., 1932., 1903., 1942., 1903., 1924., 1920., 1918., 1915., 1929., 1903., 1922., 1913., 1939., 1904., 1920., 1903., 1926., 1895., 1903., 1919., 1903., 1955., 1906.}","{104750., 77220., 77518., 77247., 77229., 77293., 77289., 77178., 77178., 80656., 82462., 77149., 77455., 77293., 77274., 77198., 77547., 77201., 77490., 77473., 77280., 77076., 77298., 77328., 77567., 77034., 77195., 77483., 77242., 77345., 77310., 77660., 77238., 77322., 77490., 77429., 77386., 77170., 77476., 77369., 77087., 77276., 77377., 77409., 77297., 77130., 77501., 77359., 77246., 77412.}"
2,11,"relu1_1","conv3_1",9,"relu1_1-conv1_2-relu1_2-pool1-conv2_1-relu2_1-conv2_2-relu2_2-pool2-conv3_1","Elementwise","Convolution","Elementwise-Convolution-Elementwise-Pooling-Convolution-Elementwise-Convolution-Elementwise-Pooling-Convolution",1365.,1401.1667,1987.,5593.,5672.8,6409.,80084.,80382.53330000001,132906.,78719.,78981.3667,130919.,74491.,74709.7333,126497.,"{1987., 1955., 1797., 1567., 1457., 1442., 1457., 1434., 1425., 1425., 1410., 1403., 1428., 1406., 1399., 1410., 1406., 1421., 1394., 1400., 1403., 1406., 1403., 1415., 1391., 1385., 1399., 1376., 1383., 1418., 1386., 1379., 1413., 1391., 1396., 1404., 1387., 1407., 1386., 1387., 1393., 1365., 1378., 1398., 1381., 1384., 1391., 1372., 1368., 1387.}","{6409., 6031., 5901., 5744., 5715., 5873., 5687., 5837., 5643., 5642., 5645., 5639., 5766., 5640., 5791., 5619., 5671., 5626., 5608., 5751., 5674., 5764., 5636., 5703., 5628., 5605., 5728., 5634., 5767., 5631., 5695., 5625., 5610., 5640., 5641., 5778., 5635., 5784., 5617., 5611., 5593., 5671., 5747., 5609., 5772., 5634., 5612., 5602., 5608., 5710.}","{132906., 86820., 80520., 80554., 80343., 80286., 80411., 80346., 80304., 80428., 80441., 80317., 80227., 80397., 80191., 80175., 80177., 80241., 80279., 80186., 80117., 80359., 80318., 80412., 80530., 80561., 80760., 80474., 80631., 80571., 80451., 80300., 80407., 80531., 80214., 80467., 80555., 80539., 80279., 80396., 80306., 80191., 80084., 80157., 80328., 80262., 80339., 80465., 80643., 80576.}"
3,12,"conv1_2","relu3_1",9,"conv1_2-relu1_2-pool1-conv2_1-relu2_1-conv2_2-relu2_2-pool2-conv3_1-relu3_1","Convolution","Elementwise","Convolution-Elementwise-Pooling-Convolution-Elementwise-Convolution-Elementwise-Pooling-Convolution-Elementwise",33985.,34292.0333,63384.,308.,310.40000000000003,538.,79158.,79566.56670000001,79851.,45173.,45274.5333,16467.,78850.,79256.1667,79313.,"{33985., 63384., 63206., 61263., 34426., 34449., 34255., 34353., 34305., 34286., 34247., 34458., 34338., 34257., 34278., 34351., 34327., 34211., 34255., 34544., 34292., 34325., 34240., 34208., 34205., 34255., 34318., 34239., 34260., 34293., 34201., 34325., 34230., 34293., 34149., 34401., 34212., 34431., 34266., 34350., 34407., 34204., 34324., 34247., 34357., 34231., 34241., 34269., 34199., 34384.}","{538., 480., 334., 314., 309., 323., 310., 309., 310., 310., 310., 309., 309., 309., 308., 309., 316., 309., 321., 308., 310., 309., 310., 309., 309., 309., 308., 309., 310., 309., 324., 312., 311., 311., 310., 312., 311., 312., 310., 310., 312., 311., 310., 325., 312., 310., 311., 310., 319., 313.}","{79576., 79550., 79529., 79493., 79591., 79709., 79631., 79604., 79737., 79578., 79636., 79597., 79851., 79677., 79662., 79682., 79672., 79195., 79189., 79483., 79263., 79629., 79614., 79489., 79335., 79242., 79392., 79661., 79592., 79678., 79727., 79659., 79730., 79626., 79750., 79712., 79625., 79562., 79544., 79224., 79158., 79306., 79389., 79349., 79298., 79663., 79363., 79307., 79602., 79636.}"
4,13,"relu1_2","conv3_2",9,"relu1_2-pool1-conv2_1-relu2_1-conv2_2-relu2_2-pool2-conv3_1-relu3_1-conv3_2","Elementwise","Convolution","Elementwise-Pooling-Convolution-Elementwise-Convolution-Elementwise-Pooling-Convolution-Elementwise-Convolution",1412.,1450.2333,2058.,11567.,11719.4667,12263.,56762.,57201.5333,57655.,55350.,55751.3,55597.,45195.,45482.0667,45392.,"{2058., 2024., 1836., 1592., 1520., 1502., 1516., 1487., 1470., 1489., 1457., 1495., 1454., 1449., 1464., 1448., 1438., 1450., 1462., 1447., 1465., 1437., 1435., 1422., 1457., 1467., 1439., 1446., 1436., 1431., 1421., 1445., 1443., 1438., 1485., 1460., 1470., 1432., 1429., 1459., 1438., 1425., 1440., 1415., 1422., 1427., 1429., 1445., 1412., 1416.}","{12263., 11988., 11737., 11703., 11769., 11858., 11809., 11773., 11678., 11636., 11763., 11748., 11742., 11748., 11625., 11646., 11848., 11746., 11772., 11663., 11628., 11635., 11764., 11733., 11800., 11589., 11599., 11700., 11749., 11730., 11722., 11593., 11574., 11714., 11797., 11785., 11745., 11588., 11616., 11727., 11748., 11742., 11726., 11630., 11641., 11770., 11755., 11728., 11676., 11567.}","{57410., 57379., 57283., 57046., 57262., 57351., 57030., 56862., 57513., 57139., 56892., 57271., 57323., 57084., 57463., 57405., 57462., 56890., 56857., 57342., 57121., 56999., 57247., 57469., 56762., 57170., 57655., 57165., 57005., 57183., 57409., 56847., 57043., 57379., 57404., 56910., 57239., 57444., 56921., 56903., 57349., 57437., 56786., 57032., 57349., 56946., 57081., 57369., 57391., 57064.}"
5,14,"pool1","relu3_2",9,"pool1-conv2_1-relu2_1-conv2_2-relu2_2-pool2-conv3_1-relu3_1-conv3_2-relu3_2","Pooling","Elementwise","Pooling-Convolution-Elementwise-Convolution-Elementwise-Pooling-Convolution-Elementwise-Convolution-Elementwise",3798.,3840.8333000000002,5928.,296.,299.93330000000003,532.,55514.,55968.2333,56410.,51716.,52127.4,50482.,55218.,55668.3,55878.,"{4324., 4260., 4037., 3863., 3863., 3865., 3841., 3854., 3838., 3840., 3849., 3817., 3852., 3834., 3836., 3841., 3836., 3832., 3856., 3837., 3845., 3953., 3835., 3847., 3833., 3841., 3850., 5928., 5924., 5911., 5909., 4744., 3843., 3848., 3832., 3852., 3845., 3818., 3817., 3825., 3806., 3817., 3803., 3802., 3800., 3798., 3803., 3822., 3807., 3814.}","{532., 465., 322., 300., 298., 316., 298., 299., 298., 298., 299., 298., 296., 296., 310., 298., 298., 297., 298., 299., 298., 299., 299., 299., 310., 298., 306., 299., 312., 300., 299., 305., 300., 299., 300., 299., 299., 300., 300., 300., 299., 313., 300., 300., 300., 306., 299., 300., 337., 345.}","{56151., 55947., 56224., 55804., 56027., 55624., 56410., 56188., 56333., 56201., 55897., 56136., 56093., 55727., 56123., 56013., 55664., 56164., 55583., 56125., 55959., 55830., 56069., 55591., 56239., 55599., 55997., 56084., 55706., 56073., 55969., 55918., 55957., 55790., 56072., 55697., 56092., 55858., 55728., 56322., 55514., 56069., 55801., 55803., 56125., 55657., 56125., 55815., 55748., 56245.}"
6,15,"conv2_1","conv3_3",9,"conv2_1-relu2_1-conv2_2-relu2_2-pool2-conv3_1-relu3_1-conv3_2-relu3_2-conv3_3","Convolution","Convolution","Convolution-Elementwise-Convolution-Elementwise-Pooling-Convolution-Elementwise-Convolution-Elementwise-Convolution",9561.,9692.800000000001,10159.,11610.,11750.7,12265.,63040.,63378.333300000006,63880.,53479.,53685.5333,53721.,51430.,51627.6333,51615.,"{10159., 9761., 9706., 9671., 9670., 9669., 9669., 9713., 9641., 9713., 9742., 9765., 9758., 9733., 9742., 9748., 9767., 9720., 9746., 9727., 9719., 9776., 9710., 9714., 9641., 9756., 9580., 9564., 9599., 9561., 9577., 9587., 9580., 9571., 9601., 9600., 9631., 9600., 9648., 9622., 9664., 9698., 9696., 9770., 9740., 9740., 9756., 9727., 9682., 9689.}","{12265., 12015., 11864., 11695., 11655., 11873., 11865., 11882., 11719., 11724., 11757., 11880., 11843., 11760., 11660., 11670., 11805., 11770., 11781., 11704., 11631., 11610., 11828., 11832., 11848., 11655., 11674., 11714., 11824., 11759., 11776., 11654., 11650., 11761., 11767., 11761., 11872., 11641., 11628., 11807., 11795., 11783., 11690., 11614., 11626., 11778., 11804., 11813., 11620., 11646.}","{63587., 63653., 63123., 63328., 63566., 63245., 63359., 63518., 63415., 63409., 63599., 63099., 63513., 63468., 63311., 63843., 63357., 63229., 63738., 63270., 63285., 63674., 63140., 63336., 63687., 63190., 63140., 63767., 63040., 63268., 63631., 63263., 63251., 63637., 63226., 63246., 63880., 63139., 63279., 63680., 63062., 63299., 63668., 63045., 63287., 63813., 63061., 63356., 63622., 63074.}"
7,16,"relu2_1","relu3_3",9,"relu2_1-conv2_2-relu2_2-pool2-conv3_1-relu3_1-conv3_2-relu3_2-conv3_3-relu3_3","Elementwise","Elementwise","Elementwise-Convolution-Elementwise-Pooling-Convolution-Elementwise-Convolution-Elementwise-Convolution-Elementwise",577.,586.4667000000001,1051.,304.,305.8333,560.,53716.,53999.100000000006,54328.,53139.,53412.6333,53277.,53412.,53693.2667,53768.,"{1051., 960., 770., 615., 588., 588., 587., 586., 603., 593., 586., 584., 584., 585., 585., 606., 587., 587., 586., 589., 587., 588., 612., 593., 585., 584., 587., 583., 591., 599., 585., 584., 592., 585., 585., 579., 588., 579., 579., 579., 582., 578., 589., 579., 579., 584., 579., 577., 580., 603.}","{560., 485., 333., 308., 305., 305., 304., 305., 305., 305., 304., 304., 308., 321., 306., 306., 306., 305., 306., 306., 305., 306., 307., 306., 306., 306., 317., 306., 306., 306., 306., 305., 307., 306., 306., 307., 305., 305., 317., 306., 305., 305., 305., 305., 313., 306., 306., 306., 307., 305.}","{54328., 53875., 54100., 53937., 54036., 53894., 53881., 54084., 54013., 54107., 53950., 54014., 54138., 53899., 54243., 53799., 53944., 54073., 54032., 54139., 53966., 53900., 54246., 54005., 54236., 53919., 54106., 54065., 53855., 54156., 53819., 53897., 54082., 53789., 54273., 53716., 53813., 54097., 53841., 54120., 53811., 53737., 54194., 53854., 54129., 53892., 53815., 54137., 53964., 54146.}"
8,17,"conv2_2","pool3",9,"conv2_2-relu2_2-pool2-conv3_1-relu3_1-conv3_2-relu3_2-conv3_3-relu3_3-pool3","Convolution","Pooling","Convolution-Elementwise-Pooling-Convolution-Elementwise-Convolution-Elementwise-Convolution-Elementwise-Pooling",18968.,19149.7333,19453.,1004.,1013.5667000000001,1061.,53579.,53819.5333,54343.,34611.,34669.8,34890.,52575.,52805.966700000004,53282.,"{19453., 19121., 19201., 19239., 19184., 19118., 19133., 19182., 19193., 19164., 19221., 19035., 18968., 19149., 19180., 19172., 19164., 19258., 19199., 19124., 19110., 19183., 19121., 19056., 19038., 19074., 19106., 19165., 19154., 19109., 19192., 19206., 19182., 19123., 19020., 19064., 19129., 19182., 19192., 19117., 19188., 19181., 19098., 19184., 19133., 19140., 19026., 19015., 19118., 19176.}","{1061., 1049., 1012., 1009., 1010., 1025., 1009., 1017., 1005., 1023., 1007., 1006., 1004., 1023., 1006., 1005., 1006., 1032., 1009., 1005., 1006., 1027., 1013., 1011., 1011., 1027., 1018., 1007., 1006., 1030., 1013., 1012., 1012., 1029., 1012., 1009., 1023., 1027., 1008., 1005., 1007., 1027., 1013., 1012., 1029., 1012., 1022., 1015., 1026., 1007.}","{54314., 54033., 53832., 53888., 53794., 53579., 53957., 53580., 53875., 53894., 53759., 53903., 53600., 53620., 54194., 53671., 53892., 53777., 53671., 53977., 53740., 53788., 53924., 53635., 53820., 53807., 53629., 53933., 53956., 54343., 53924., 53605., 54018., 53670., 53735., 54043., 53716., 53829., 53778., 53808., 53990., 53709., 53785., 53902., 53764., 54064., 53696., 53697., 53855., 53806.}"
9,18,"relu2_2","conv4_1",9,"relu2_2-pool2-conv3_1-relu3_1-conv3_2-relu3_2-conv3_3-relu3_3-pool3-conv4_1","Elementwise","Convolution","Elementwise-Pooling-Convolution-Elementwise-Convolution-Elementwise-Convolution-Elementwise-Pooling-Convolution",591.,596.3000000000001,968.,4970.,5043.,5404.,39907.,39999.933300000004,40589.,39316.,39403.6333,39621.,34937.,34956.933300000004,35185.,"{968., 919., 760., 617., 598., 597., 595., 595., 610., 596., 595., 593., 594., 596., 602., 609., 596., 594., 596., 595., 595., 592., 599., 594., 593., 597., 595., 595., 608., 596., 595., 604., 596., 595., 594., 610., 591., 594., 597., 593., 596., 593., 606., 596., 592., 595., 594., 593., 620., 601.}","{5404., 5354., 5036., 5167., 4994., 5223., 5005., 5178., 4984., 5163., 5002., 5164., 5011., 5180., 4995., 5140., 5015., 5136., 4994., 5104., 5010., 5084., 5034., 5127., 4999., 5064., 4988., 5066., 4997., 5059., 4990., 5069., 4980., 5074., 4995., 5051., 4986., 5043., 4972., 5098., 4981., 5064., 4980., 5077., 5003., 5063., 4970., 5086., 5005., 5060.}","{40589., 40132., 40023., 40015., 40065., 40033., 40019., 39988., 40046., 39956., 40043., 40068., 39986., 39954., 39967., 39990., 39973., 39966., 39953., 39992., 40011., 39967., 40049., 39932., 39968., 40048., 39989., 40012., 40017., 39964., 40078., 39979., 40027., 40026., 39946., 40179., 39907., 39946., 39974., 39995., 39999., 39996., 39965., 39959., 40088., 40068., 39943., 39948., 40020., 40068.}"
10,19,"pool2","relu4_1",9,"pool2-conv3_1-relu3_1-conv3_2-relu3_2-conv3_3-relu3_3-pool3-conv4_1-relu4_1","Pooling","Elementwise","Pooling-Convolution-Elementwise-Convolution-Elementwise-Convolution-Elementwise-Pooling-Convolution-Elementwise",1910.,1927.,2013.,165.,166.1,286.,39037.,39411.1,40269.,37127.,37484.1,38256.,38872.,39245.,39983.,"{2013., 1992., 1922., 1949., 1919., 1935., 1920., 1933., 1950., 1920., 1932., 1919., 1932., 1924., 1936., 1918., 1932., 1917., 1932., 1927., 1933., 1918., 1934., 1918., 1943., 1918., 1931., 1910., 1941., 1928., 1938., 1918., 1934., 1915., 1943., 1916., 1929., 1917., 1915., 1942., 1916., 1931., 1918., 1933., 1918., 1944., 1918., 1933., 1916., 1933.}","{286., 227., 183., 168., 167., 166., 165., 166., 167., 166., 165., 166., 165., 165., 166., 166., 166., 166., 165., 166., 165., 166., 165., 166., 166., 175., 168., 167., 166., 166., 166., 167., 166., 166., 166., 167., 166., 168., 166., 166., 166., 166., 166., 166., 166., 166., 166., 165., 166., 179.}","{40269., 39683., 39386., 39331., 39302., 39132., 39213., 39037., 39048., 39232., 39400., 39525., 39569., 39588., 39635., 39698., 39548., 39609., 39628., 39404., 39373., 39236., 39150., 39181., 39117., 39200., 39172., 39307., 39557., 39547., 39681., 39522., 39541., 39565., 39523., 39513., 39376., 39268., 39306., 39226., 39163., 39073., 39201., 39241., 39494., 39535., 39504., 39628., 39680., 39652.}"
11,20,"conv3_1","conv4_2",9,"conv3_1-relu3_1-conv3_2-relu3_2-conv3_3-relu3_3-pool3-conv4_1-relu4_1-conv4_2","Convolution","Convolution","Convolution-Elementwise-Convolution-Elementwise-Convolution-Elementwise-Pooling-Convolution-Elementwise-Convolution",5569.,5667.1333,6391.,10090.,10231.7667,10711.,47140.,47540.2667,48319.,41571.,41873.1333,41928.,37050.,37308.5,37608.,"{6391., 6041., 5841., 5815., 5793., 5854., 5641., 5719., 5652., 5654., 5743., 5677., 5765., 5626., 5715., 5617., 5608., 5674., 5625., 5760., 5602., 5741., 5603., 5591., 5586., 5681., 5732., 5601., 5752., 5604., 5640., 5594., 5644., 5711., 5631., 5738., 5602., 5677., 5575., 5622., 5652., 5638., 5756., 5569., 5752., 5597., 5618., 5603., 5627., 5767.}","{10711., 10506., 10374., 10278., 10282., 10257., 10370., 10272., 10230., 10187., 10147., 10204., 10098., 10118., 10122., 10094., 10118., 10164., 10132., 10090., 10144., 10115., 10140., 10112., 10162., 10143., 10223., 10189., 10209., 10278., 10327., 10296., 10265., 10293., 10238., 10282., 10285., 10238., 10280., 10244., 10284., 10261., 10280., 10296., 10249., 10262., 10226., 10273., 10248., 10238.}","{48319., 47862., 47607., 47297., 47445., 47837., 47668., 47299., 47387., 47815., 47694., 47219., 47281., 47849., 47728., 47263., 47241., 47838., 47708., 47275., 47298., 47799., 47784., 47284., 47273., 47730., 47772., 47272., 47311., 47733., 47707., 47216., 47409., 47732., 47833., 47229., 47296., 47795., 47760., 47335., 47140., 47841., 47674., 47318., 47327., 47725., 47763., 47321., 47354., 47742.}"
12,21,"relu3_1","relu4_2",9,"relu3_1-conv3_2-relu3_2-conv3_3-relu3_3-pool3-conv4_1-relu4_1-conv4_2-relu4_2","Elementwise","Elementwise","Elementwise-Convolution-Elementwise-Convolution-Elementwise-Pooling-Convolution-Elementwise-Convolution-Elementwise",305.,307.4667,491.,163.,164.70000000000002,265.,41842.,42122.5333,42794.,41537.,41815.0667,42303.,41679.,41957.8333,42529.,"{491., 427., 320., 309., 308., 307., 318., 322., 307., 308., 308., 308., 307., 308., 305., 307., 309., 307., 307., 307., 323., 307., 306., 307., 306., 307., 306., 306., 306., 307., 306., 308., 316., 319., 308., 307., 306., 307., 314., 308., 307., 307., 307., 308., 307., 307., 318., 307., 308., 307.}","{265., 217., 168., 166., 166., 165., 177., 167., 166., 165., 165., 164., 163., 164., 164., 165., 164., 164., 165., 164., 164., 165., 163., 165., 164., 163., 164., 164., 172., 165., 170., 165., 164., 165., 165., 164., 165., 164., 165., 164., 165., 164., 165., 164., 165., 165., 165., 165., 165., 165.}","{42794., 42238., 41930., 41946., 42360., 42303., 42049., 41944., 41983., 42485., 42323., 41918., 41935., 42202., 42385., 42107., 41930., 41937., 42356., 42411., 42195., 41925., 41997., 42278., 42249., 42001., 42000., 42172., 42406., 42095., 41910., 41926., 42324., 42311., 42172., 41951., 41973., 42447., 42286., 41920., 41996., 42273., 42405., 42120., 41949., 41842., 42448., 42292., 42010., 41907.}"
13,22,"conv3_2","conv4_3",9,"conv3_2-relu3_2-conv3_3-relu3_3-pool3-conv4_1-relu4_1-conv4_2-relu4_2-conv4_3","Convolution","Convolution","Convolution-Elementwise-Convolution-Elementwise-Pooling-Convolution-Elementwise-Convolution-Elementwise-Convolution",11557.,11715.9333,12164.,10082.,10223.6667,10755.,51480.,51835.200000000004,52774.,39923.,40119.2667,40610.,41398.,41611.5333,42019.,"{12164., 11894., 11911., 11845., 11842., 11731., 11621., 11588., 11786., 11825., 11797., 11697., 11644., 11656., 11810., 11748., 11754., 11593., 11586., 11705., 11757., 11710., 11723., 11557., 11593., 11632., 11797., 11771., 11796., 11628., 11616., 11726., 11764., 11724., 11725., 11582., 11628., 11788., 11771., 11791., 11735., 11603., 11605., 11758., 11705., 11749., 11690., 11576., 11573., 11745.}","{10755., 10497., 10360., 10306., 10271., 10300., 10247., 10249., 10167., 10192., 10147., 10120., 10150., 10104., 10105., 10082., 10104., 10107., 10115., 10143., 10149., 10104., 10122., 10127., 10141., 10194., 10187., 10207., 10236., 10323., 10314., 10293., 10258., 10244., 10253., 10221., 10256., 10230., 10420., 10289., 10255., 10255., 10222., 10268., 10245., 10259., 10263., 10265., 10247., 10362.}","{52774., 51775., 51576., 51553., 52137., 52064., 51866., 51711., 51520., 51751., 52040., 52051., 51776., 51648., 51590., 52160., 52033., 51761., 51603., 51503., 51943., 52131., 52120., 51697., 51538., 51567., 52129., 52059., 51871., 51663., 51480., 51938., 52050., 51918., 51745., 51602., 51751., 52132., 52054., 51677., 51693., 51555., 52177., 52088., 51853., 51619., 51547., 51756., 52149., 52108.}"
14,23,"relu3_2","relu4_3",9,"relu3_2-conv3_3-relu3_3-pool3-conv4_1-relu4_1-conv4_2-relu4_2-conv4_3-relu4_3","Elementwise","Elementwise","Elementwise-Convolution-Elementwise-Pooling-Convolution-Elementwise-Convolution-Elementwise-Convolution-Elementwise",308.,310.1,499.,164.,165.70000000000002,269.,40097.,40328.700000000004,41095.,39789.,40018.6,40596.,39933.,40163.,40826.,"{499., 433., 324., 311., 310., 309., 321., 325., 311., 310., 310., 309., 309., 310., 310., 310., 310., 310., 310., 310., 324., 309., 310., 310., 309., 310., 309., 311., 309., 311., 310., 311., 309., 312., 309., 310., 310., 310., 317., 310., 311., 309., 310., 310., 309., 328., 315., 310., 308., 309.}","{269., 220., 179., 166., 166., 166., 166., 166., 165., 166., 165., 164., 173., 166., 165., 166., 165., 165., 165., 165., 165., 165., 165., 166., 166., 165., 179., 167., 165., 164., 165., 165., 165., 166., 166., 166., 166., 166., 166., 166., 166., 166., 166., 166., 166., 167., 166., 165., 166., 165.}","{41095., 40689., 40643., 40517., 40575., 40385., 40388., 40277., 40344., 40338., 40367., 40323., 40261., 40321., 40169., 40239., 40165., 40097., 40194., 40209., 40193., 40188., 40240., 40286., 40285., 40610., 40641., 40626., 40690., 40598., 40672., 40554., 40403., 40370., 40314., 40346., 40360., 40332., 40390., 40338., 40342., 40255., 40238., 40189., 40189., 40150., 40174., 40208., 40332., 40299.}"
15,24,"conv3_3","pool4",9,"conv3_3-relu3_3-pool3-conv4_1-relu4_1-conv4_2-relu4_2-conv4_3-relu4_3-pool4","Convolution","Pooling","Convolution-Elementwise-Pooling-Convolution-Elementwise-Convolution-Elementwise-Convolution-Elementwise-Pooling",11567.,11723.8333,12102.,513.,515.4333,549.,39963.,40102.433300000004,41227.,28396.,28378.600000000002,29125.,39450.,39587.,40678.,"{12102., 12009., 11850., 11839., 11666., 11674., 11747., 11768., 11746., 11850., 11656., 11697., 11830., 11773., 11797., 11719., 11612., 11606., 11784., 11772., 11750., 11649., 11579., 11632., 11781., 11736., 11797., 11612., 11573., 11641., 11731., 11767., 11791., 11640., 11624., 11684., 11755., 11725., 11749., 11592., 11567., 11682., 11771., 11737., 11830., 11642., 11609., 11755., 11760., 11758.}","{549., 520., 525., 534., 517., 514., 515., 514., 515., 514., 515., 527., 516., 513., 515., 514., 515., 514., 514., 522., 515., 514., 531., 516., 515., 515., 530., 515., 515., 515., 515., 514., 514., 515., 531., 516., 515., 514., 515., 514., 515., 524., 529., 515., 514., 515., 515., 514., 515., 534.}","{41227., 40352., 40304., 40289., 40217., 40200., 40144., 40199., 40199., 40150., 40222., 40260., 40235., 40225., 40246., 40113., 40166., 40120., 40140., 40109., 40052., 40002., 40046., 40045., 40045., 40014., 39963., 40006., 39978., 40032., 39964., 40025., 40029., 40133., 39980., 40005., 40062., 40111., 40067., 40038., 40092., 39999., 40065., 40177., 40052., 40047., 40033., 40078., 40112., 40295.}"
16,25,"relu3_3","conv5_1",9,"relu3_3-pool3-conv4_1-relu4_1-conv4_2-relu4_2-conv4_3-relu4_3-pool4-conv5_1","Elementwise","Convolution","Elementwise-Pooling-Convolution-Elementwise-Convolution-Elementwise-Convolution-Elementwise-Pooling-Convolution",306.,309.5667,458.,2428.,2487.4333,2702.,30747.,31084.7667,31565.,30441.,30775.2,31107.,28319.,28597.333300000002,28863.,"{458., 422., 327., 313., 325., 309., 307., 307., 307., 306., 306., 307., 307., 306., 307., 307., 314., 322., 312., 310., 310., 309., 310., 310., 310., 309., 309., 310., 309., 318., 312., 310., 310., 309., 308., 308., 309., 311., 310., 310., 309., 309., 321., 309., 309., 309., 309., 309., 317., 310.}","{2702., 2528., 2464., 2588., 2494., 2441., 2462., 2589., 2470., 2468., 2463., 2606., 2501., 2464., 2475., 2634., 2473., 2502., 2462., 2616., 2474., 2440., 2464., 2629., 2461., 2473., 2484., 2612., 2464., 2458., 2461., 2622., 2450., 2492., 2464., 2621., 2464., 2447., 2468., 2628., 2439., 2468., 2461., 2640., 2474., 2428., 2460., 2624., 2482., 2482.}","{31565., 30911., 30803., 30970., 31243., 31234., 31250., 31121., 31124., 31183., 30923., 30760., 30903., 31266., 31130., 31192., 31083., 31090., 31217., 31044., 30866., 30898., 31146., 31201., 31217., 31169., 31019., 31080., 31096., 30864., 30747., 30973., 31230., 31199., 31191., 31091., 31053., 31128., 30874., 30751., 30843., 31216., 31161., 31192., 31166., 31089., 31269., 31017., 30787., 30827.}"
17,26,"pool3","relu5_1",9,"pool3-conv4_1-relu4_1-conv4_2-relu4_2-conv4_3-relu4_3-pool4-conv5_1-relu5_1","Pooling","Elementwise","Pooling-Convolution-Elementwise-Convolution-Elementwise-Convolution-Elementwise-Pooling-Convolution-Elementwise",1005.,1012.5667000000001,1046.,59.,60.8667,121.,30356.,30698.6333,31347.,29351.,29686.066700000003,30301.,30297.,30637.7667,31226.,"{1046., 1017., 1040., 1012., 1007., 1008., 1023., 1009., 1008., 1007., 1025., 1008., 1018., 1009., 1024., 1009., 1008., 1008., 1024., 1010., 1007., 1008., 1033., 1009., 1008., 1009., 1043., 1016., 1011., 1012., 1031., 1016., 1009., 1006., 1039., 1016., 1012., 1011., 1024., 1006., 1007., 1017., 1032., 1014., 1011., 1011., 1025., 1005., 1007., 1007.}","{121., 79., 65., 64., 63., 62., 62., 62., 62., 63., 62., 62., 62., 60., 61., 61., 61., 60., 60., 60., 60., 61., 60., 61., 62., 61., 61., 61., 60., 60., 60., 61., 62., 61., 60., 60., 61., 61., 60., 60., 60., 59., 59., 59., 68., 60., 60., 59., 59., 75.}","{31347., 30697., 30726., 31083., 30665., 30494., 30417., 30417., 30605., 30757., 30788., 30873., 30926., 30838., 30733., 30699., 30722., 30732., 30619., 30477., 30473., 30374., 30512., 30638., 30775., 30737., 30849., 30812., 30784., 30733., 30704., 30790., 30858., 30623., 30443., 30356., 30438., 30438., 30672., 30739., 30849., 30803., 30843., 30831., 30685., 30655., 30720., 30743., 30597., 30454.}"
18,27,"conv4_1","conv5_2",9,"conv4_1-relu4_1-conv4_2-relu4_2-conv4_3-relu4_3-pool4-conv5_1-relu5_1-conv5_2","Convolution","Convolution","Convolution-Elementwise-Convolution-Elementwise-Convolution-Elementwise-Pooling-Convolution-Elementwise-Convolution",4985.,5053.5,5563.,2436.,2478.6333,2714.,31942.,32379.4,32936.,26957.,27325.9,27373.,29506.,29900.7667,30222.,"{5563., 5194., 5204., 5026., 5118., 5007., 5113., 5017., 5099., 5020., 5088., 4997., 5079., 5007., 5071., 5025., 5057., 4993., 5075., 5012., 5040., 4985., 5054., 4998., 5042., 5013., 5069., 4998., 5063., 4987., 5086., 4998., 5129., 5034., 5073., 5040., 5038., 5039., 5080., 5064., 5051., 5114., 5073., 5111., 5030., 5136., 5036., 5153., 5004., 5192.}","{2714., 2512., 2616., 2464., 2468., 2453., 2602., 2469., 2465., 2447., 2628., 2452., 2452., 2467., 2599., 2457., 2455., 2436., 2612., 2462., 2452., 2450., 2596., 2465., 2464., 2449., 2599., 2494., 2451., 2466., 2596., 2462., 2464., 2460., 2613., 2463., 2466., 2470., 2582., 2458., 2469., 2456., 2622., 2460., 2453., 2463., 2605., 2466., 2467., 2442.}","{32936., 32307., 32192., 32426., 32521., 32374., 32061., 32380., 32482., 32439., 31942., 32429., 32346., 32527., 32135., 32228., 32402., 32493., 32345., 32084., 32432., 32512., 32427., 32042., 32427., 32437., 32462., 32050., 32403., 32373., 32479., 32198., 32188., 32472., 32482., 32365., 32082., 32456., 32478., 32508., 32026., 32407., 32519., 32422., 32082., 32355., 32459., 32450., 32189., 32302.}"
19,28,"relu4_1","relu5_2",9,"relu4_1-conv4_2-relu4_2-conv4_3-relu4_3-pool4-conv5_1-relu5_1-conv5_2-relu5_2","Elementwise","Elementwise","Elementwise-Convolution-Elementwise-Convolution-Elementwise-Pooling-Convolution-Elementwise-Convolution-Elementwise",165.,165.9,282.,58.,59.533300000000004,119.,26889.,27211.9,27650.,26724.,27046.,27368.,26831.,27152.366700000002,27531.,"{282., 236., 174., 167., 167., 167., 180., 166., 166., 166., 165., 165., 166., 165., 166., 166., 174., 168., 166., 167., 165., 166., 165., 165., 166., 166., 166., 166., 165., 166., 178., 167., 166., 165., 165., 165., 166., 166., 165., 167., 165., 166., 165., 166., 165., 166., 165., 166., 165., 166.}","{119., 77., 65., 64., 62., 62., 75., 62., 60., 60., 60., 59., 59., 60., 60., 59., 60., 60., 59., 59., 59., 59., 59., 59., 60., 58., 59., 59., 59., 60., 59., 58., 59., 71., 67., 60., 59., 60., 59., 60., 60., 60., 59., 60., 59., 59., 60., 59., 59., 59.}","{27650., 27382., 27131., 27312., 27171., 27121., 27287., 27327., 27156., 27013., 27403., 27185., 27198., 27230., 27350., 27188., 26889., 27295., 27337., 27187., 27052., 27323., 27177., 26980., 27303., 27234., 27228., 27004., 27342., 27096., 26989., 27356., 27246., 27161., 27021., 27320., 27138., 27112., 27268., 27342., 27169., 26958., 27356., 27132., 27223., 27138., 27329., 27144., 26952., 27253.}"
20,29,"conv4_2","conv5_3",9,"conv4_2-relu4_2-conv4_3-relu4_3-pool4-conv5_1-relu5_1-conv5_2-relu5_2-conv5_3","Convolution","Convolution","Convolution-Elementwise-Convolution-Elementwise-Pooling-Convolution-Elementwise-Convolution-Elementwise-Convolution",10067.,10207.300000000001,10763.,2429.,2478.4667,2719.,29346.,29707.7333,30100.,19279.,19500.4333,19337.,26917.,27229.2667,27381.,"{10763., 10498., 10376., 10269., 10288., 10266., 10266., 10238., 10257., 10282., 10256., 10326., 10258., 10257., 10247., 10262., 10255., 10265., 10249., 10219., 10271., 10218., 10208., 10167., 10170., 10091., 10112., 10111., 10067., 10074., 10114., 10111., 10087., 10098., 10084., 10133., 10092., 10091., 10094., 10079., 10167., 10149., 10161., 10209., 10232., 10228., 10275., 10251., 10232., 10217.}","{2719., 2493., 2640., 2449., 2456., 2460., 2607., 2476., 2448., 2435., 2628., 2431., 2467., 2458., 2609., 2468., 2463., 2453., 2630., 2446., 2462., 2465., 2621., 2477., 2452., 2429., 2624., 2445., 2446., 2464., 2660., 2476., 2465., 2452., 2643., 2439., 2455., 2461., 2634., 2456., 2457., 2445., 2645., 2447., 2472., 2471., 2624., 2467., 2474., 2447.}","{30100., 29790., 29769., 29736., 29790., 29850., 29751., 29686., 29773., 29695., 29603., 29532., 29433., 29346., 29450., 29564., 29678., 29700., 29790., 29726., 29720., 29701., 29734., 29747., 29758., 29693., 29722., 29731., 29698., 29798., 29758., 29740., 29728., 29688., 29710., 29761., 29709., 29673., 29790., 29721., 29768., 29624., 29627., 29553., 29350., 29381., 29536., 29590., 29701., 29713.}"
21,30,"relu4_2","relu5_3",9,"relu4_2-conv4_3-relu4_3-pool4-conv5_1-relu5_1-conv5_2-relu5_2-conv5_3-relu5_3","Elementwise","Elementwise","Elementwise-Convolution-Elementwise-Pooling-Convolution-Elementwise-Convolution-Elementwise-Convolution-Elementwise",164.,165.5333,280.,59.,60.4333,118.,19182.,19398.5667,21018.,19018.,19233.0333,20738.,19123.,19338.1333,20900.,"{280., 240., 180., 166., 166., 167., 166., 180., 165., 165., 165., 165., 166., 164., 164., 165., 172., 166., 165., 165., 165., 166., 165., 165., 166., 166., 165., 165., 166., 165., 178., 165., 165., 166., 165., 166., 166., 164., 165., 166., 166., 165., 166., 165., 166., 166., 165., 166., 166., 165.}","{118., 74., 62., 62., 62., 61., 61., 61., 60., 61., 60., 61., 61., 60., 60., 61., 60., 61., 61., 60., 61., 61., 74., 65., 61., 60., 60., 74., 61., 61., 61., 60., 59., 60., 59., 60., 60., 60., 60., 60., 60., 60., 60., 60., 60., 60., 60., 60., 60., 60.}","{19620., 19455., 19308., 19276., 19368., 19203., 19226., 19307., 19432., 19456., 19392., 19416., 19407., 19474., 19427., 19448., 19438., 19441., 19347., 19308., 19311., 19240., 19190., 19295., 19326., 19441., 19465., 19433., 19478., 19415., 19402., 19451., 19397., 19501., 19443., 21018., 19534., 19422., 19381., 19281., 19380., 19182., 19322., 19327., 19418., 19426., 19362., 19539., 19421., 19498.}"
22,31,"conv4_3","pool5",9,"conv4_3-relu4_3-pool4-conv5_1-relu5_1-conv5_2-relu5_2-conv5_3-relu5_3-pool5","Convolution","Pooling","Convolution-Elementwise-Pooling-Convolution-Elementwise-Convolution-Elementwise-Convolution-Elementwise-Pooling",10083.,10224.533300000001,10786.,154.,155.0333,191.,19053.,19312.4667,19599.,8970.,9087.9333,8813.,18899.,19157.4333,19408.,"{10786., 10524., 10335., 10343., 10245., 10278., 10242., 10249., 10274., 10237., 10273., 10230., 10251., 10265., 10284., 10268., 10260., 10257., 10209., 10200., 10172., 10146., 10219., 10155., 10085., 10083., 10130., 10092., 10099., 10085., 10136., 10102., 10109., 10101., 10111., 10124., 10177., 10201., 10189., 10271., 10253., 10279., 10295., 10254., 10247., 10233., 10294., 10237., 10292., 10256.}","{191., 164., 157., 156., 155., 155., 156., 156., 156., 155., 155., 155., 155., 155., 155., 155., 155., 167., 176., 158., 155., 155., 155., 155., 155., 155., 155., 154., 154., 154., 154., 154., 155., 155., 155., 154., 154., 155., 155., 155., 154., 155., 154., 171., 157., 155., 154., 154., 155., 155.}","{19599., 19251., 19185., 19100., 19156., 19310., 19342., 19379., 19393., 19311., 19376., 19372., 19314., 19376., 19336., 19297., 19211., 19168., 19093., 19232., 19398., 19360., 19292., 19311., 19375., 19345., 19339., 19353., 19332., 19354., 19261., 19237., 19053., 19180., 19267., 19327., 19368., 19376., 19388., 19337., 19290., 19333., 19384., 19313., 19286., 19194., 19142., 19194., 19318., 19380.}"
23,32,"relu4_3","flatten_0",9,"relu4_3-pool4-conv5_1-relu5_1-conv5_2-relu5_2-conv5_3-relu5_3-pool5-flatten_0","Elementwise","Flatten","Elementwise-Pooling-Convolution-Elementwise-Convolution-Elementwise-Convolution-Elementwise-Pooling-Flatten",161.,164.4,252.,36.,36.2667,77.,8467.,8638.9333,8722.,8306.,8474.533300000001,8470.,8431.,8602.6667,8645.,"{252., 210., 169., 167., 167., 166., 166., 166., 167., 166., 167., 167., 166., 166., 167., 166., 167., 166., 176., 168., 179., 164., 162., 162., 163., 163., 162., 162., 162., 162., 162., 162., 161., 163., 162., 162., 162., 162., 162., 162., 162., 162., 162., 161., 161., 190., 167., 166., 165., 165.}","{77., 43., 37., 37., 37., 37., 36., 37., 37., 36., 36., 37., 36., 37., 36., 36., 36., 36., 36., 36., 36., 37., 36., 36., 37., 36., 36., 36., 37., 37., 37., 37., 36., 36., 37., 36., 37., 36., 36., 36., 36., 36., 36., 36., 36., 36., 36., 36., 36., 36.}","{8695., 8653., 8595., 8644., 8642., 8616., 8467., 8503., 8669., 8722., 8650., 8652., 8680., 8570., 8527., 8651., 8659., 8717., 8685., 8688., 8624., 8555., 8566., 8711., 8648., 8659., 8639., 8647., 8563., 8571., 8694., 8623., 8642., 8659., 8668., 8520., 8533., 8618., 8663., 8629., 8647., 8655., 8632., 8543., 8579., 8664., 8647., 8659., 8659., 8642.}"
24,33,"pool4","fc6",9,"pool4-conv5_1-relu5_1-conv5_2-relu5_2-conv5_3-relu5_3-pool5-flatten_0-fc6","Pooling","Linear","Pooling-Convolution-Elementwise-Convolution-Elementwise-Convolution-Elementwise-Pooling-Flatten-Linear",502.,509.5333,541.,7975.,8062.3,8271.,16452.,16617.333300000002,16837.,15950.,16107.800000000001,16296.,8477.,8555.033300000001,8566.,"{541., 508., 504., 502., 502., 503., 519., 509., 507., 509., 508., 508., 507., 508., 524., 510., 508., 517., 508., 509., 508., 508., 527., 509., 509., 509., 508., 508., 509., 508., 528., 511., 511., 522., 510., 511., 511., 533., 511., 510., 511., 510., 510., 510., 510., 529., 511., 510., 510., 511.}","{8271., 8190., 8117., 8141., 8148., 8111., 8108., 8061., 8113., 8107., 8106., 8096., 8076., 8055., 8088., 8080., 8080., 8057., 8035., 8092., 8064., 8084., 8064., 8017., 8060., 8046., 8073., 8079., 8017., 8046., 8076., 8061., 8034., 7993., 8125., 8056., 8057., 8016., 7975., 8042., 8052., 8037., 8032., 8004., 8024., 8032., 8036., 8044., 8010., 7993.}","{16837., 16638., 16588., 16663., 16601., 16612., 16662., 16582., 16582., 16723., 16653., 16531., 16620., 16549., 16568., 16726., 16598., 16585., 16640., 16631., 16584., 16672., 16619., 16629., 16651., 16594., 16575., 16648., 16542., 16663., 16665., 16481., 16631., 16666., 16533., 16689., 16678., 16473., 16689., 16666., 16503., 16656., 16596., 16452., 16601., 16599., 16507., 16642., 16609., 16490.}"
25,34,"conv5_1","relu6",9,"conv5_1-relu5_1-conv5_2-relu5_2-conv5_3-relu5_3-pool5-flatten_0-fc6-relu6","Convolution","Elementwise","Convolution-Elementwise-Convolution-Elementwise-Convolution-Elementwise-Pooling-Flatten-Linear-Elementwise",2428.,2481.1333,2742.,24.,24.933300000000003,52.,15973.,16145.3667,16402.,13545.,13664.2333,13660.,15949.,16120.4333,16350.,"{2742., 2692., 2460., 2438., 2467., 2617., 2486., 2451., 2449., 2608., 2444., 2513., 2462., 2603., 2466., 2490., 2457., 2600., 2460., 2447., 2462., 2585., 2463., 2461., 2439., 2596., 2458., 2441., 2457., 2598., 2467., 2461., 2442., 2619., 2448., 2469., 2455., 2627., 2464., 2456., 2431., 2640., 2455., 2439., 2442., 2616., 2466., 2452., 2428., 2642.}","{52., 28., 26., 25., 26., 25., 25., 24., 25., 25., 25., 25., 25., 25., 25., 25., 24., 25., 25., 25., 24., 25., 25., 25., 25., 25., 24., 25., 25., 25., 24., 24., 25., 25., 25., 24., 25., 25., 25., 25., 24., 24., 25., 25., 24., 24., 25., 25., 24., 26.}","{16402., 16151., 16148., 16172., 16050., 16218., 16195., 16098., 16242., 16138., 16194., 16213., 16074., 16141., 16174., 16124., 16210., 16040., 16156., 16171., 16060., 16180., 16143., 16189., 16083., 15973., 16132., 16205., 16161., 16193., 16003., 16217., 16128., 16079., 16118., 16058., 16188., 16188., 16049., 16151., 16095., 16121., 16167., 16035., 16121., 16135., 16145., 16171., 16007., 16203.}"
26,35,"relu5_1","drop6",9,"relu5_1-conv5_2-relu5_2-conv5_3-relu5_3-pool5-flatten_0-fc6-relu6-drop6","Elementwise","Dropout","Elementwise-Convolution-Elementwise-Convolution-Elementwise-Pooling-Flatten-Linear-Elementwise-Dropout",59.,59.4333,100.,24.,24.4667,50.,13428.,13547.3667,13818.,13369.,13487.9333,13718.,13404.,13522.900000000001,13768.,"{100., 68., 63., 60., 61., 60., 60., 59., 60., 60., 60., 61., 60., 59., 60., 59., 59., 59., 60., 59., 59., 59., 65., 60., 59., 60., 59., 59., 60., 59., 60., 59., 59., 59., 59., 59., 60., 59., 59., 60., 60., 59., 60., 59., 59., 59., 59., 59., 59., 59.}","{50., 28., 26., 25., 25., 25., 25., 25., 24., 24., 24., 24., 25., 24., 25., 24., 24., 25., 24., 25., 24., 25., 24., 25., 24., 25., 24., 24., 24., 25., 24., 25., 24., 24., 25., 24., 24., 24., 25., 25., 24., 25., 24., 25., 24., 25., 24., 24., 25., 24.}","{13818., 13479., 13622., 13496., 13435., 13596., 13568., 13456., 13599., 13428., 13460., 13671., 13481., 13543., 13652., 13476., 13555., 13579., 13542., 13581., 13507., 13496., 13608., 13516., 13509., 13630., 13499., 13527., 13659., 13502., 13609., 13628., 13428., 13600., 13600., 13479., 13675., 13470., 13456., 13653., 13468., 13545., 13636., 13502., 13620., 13597., 13498., 13620., 13559., 13488.}"
27,36,"conv5_2","fc7",9,"conv5_2-relu5_2-conv5_3-relu5_3-pool5-flatten_0-fc6-relu6-drop6-fc7","Convolution","Linear","Convolution-Elementwise-Convolution-Elementwise-Pooling-Flatten-Linear-Elementwise-Dropout-Linear",2420.,2478.,2840.,1279.,1313.3,1409.,14691.,14816.2333,14964.,12271.,12338.2333,12124.,13412.,13502.9333,13555.,"{2840., 2510., 2453., 2453., 2583., 2467., 2457., 2442., 2595., 2459., 2447., 2457., 2586., 2460., 2452., 2681., 2618., 2449., 2442., 2454., 2591., 2474., 2453., 2420., 2603., 2470., 2435., 2458., 2600., 2473., 2456., 2450., 2627., 2452., 2438., 2457., 2589., 2471., 2442., 2431., 2629., 2463., 2442., 2460., 2594., 2465., 2447., 2456., 2599., 2462.}","{1409., 1369., 1371., 1352., 1341., 1393., 1356., 1323., 1336., 1319., 1317., 1330., 1313., 1367., 1332., 1299., 1304., 1318., 1305., 1299., 1364., 1319., 1299., 1316., 1298., 1291., 1307., 1291., 1341., 1312., 1308., 1293., 1295., 1310., 1294., 1326., 1350., 1298., 1292., 1301., 1304., 1282., 1308., 1329., 1323., 1301., 1281., 1279., 1304., 1285.}","{14937., 14893., 14708., 14825., 14766., 14796., 14846., 14706., 14908., 14740., 14915., 14706., 14847., 14826., 14874., 14693., 14930., 14748., 14871., 14699., 14964., 14759., 14899., 14744., 14878., 14775., 14912., 14692., 14878., 14738., 14816., 14782., 14818., 14859., 14822., 14850., 14740., 14875., 14706., 14893., 14774., 14864., 14691., 14884., 14773., 14863., 14745., 14863., 14724., 14870.}"
28,37,"relu5_2","relu7",9,"relu5_2-conv5_3-relu5_3-pool5-flatten_0-fc6-relu6-drop6-fc7-relu7","Elementwise","Elementwise","Elementwise-Convolution-Elementwise-Pooling-Flatten-Linear-Elementwise-Dropout-Linear-Elementwise",59.,59.4667,110.,24.,24.666700000000002,50.,12188.,12254.3667,12459.,12129.,12194.900000000001,12349.,12164.,12229.7,12409.,"{110., 75., 63., 61., 61., 60., 61., 60., 60., 60., 59., 59., 60., 59., 59., 59., 59., 59., 59., 59., 59., 59., 59., 59., 59., 59., 59., 60., 59., 59., 59., 59., 59., 60., 59., 59., 60., 60., 59., 59., 59., 60., 60., 60., 60., 70., 60., 60., 60., 60.}","{50., 27., 26., 25., 25., 25., 24., 25., 25., 25., 25., 24., 25., 24., 24., 25., 24., 25., 25., 25., 24., 25., 24., 24., 24., 24., 25., 24., 24., 25., 25., 24., 25., 24., 24., 25., 25., 24., 24., 24., 25., 25., 24., 25., 25., 24., 25., 25., 25., 25.}","{12459., 12323., 12194., 12353., 12206., 12256., 12223., 12301., 12301., 12243., 12205., 12251., 12412., 12207., 12237., 12236., 12365., 12307., 12198., 12250., 12209., 12317., 12240., 12263., 12218., 12363., 12215., 12236., 12190., 12276., 12353., 12269., 12227., 12188., 12421., 12206., 12258., 12268., 12343., 12287., 12247., 12212., 12208., 12343., 12225., 12195., 12259., 12375., 12248., 12229.}"
29,38,"conv5_3","drop7",9,"conv5_3-relu5_3-pool5-flatten_0-fc6-relu6-drop6-fc7-relu7-drop7","Convolution","Dropout","Convolution-Elementwise-Pooling-Flatten-Linear-Elementwise-Dropout-Linear-Elementwise-Dropout",2430.,2472.8667,2726.,24.,26.,51.,12125.,12210.7667,12493.,9695.,9737.9,9767.,12101.,12184.7667,12442.,"{2726., 2457., 2485., 2445., 2596., 2439., 2448., 2471., 2621., 2455., 2461., 2438., 2618., 2455., 2447., 2461., 2600., 2448., 2492., 2445., 2614., 2446., 2430., 2458., 2594., 2446., 2466., 2443., 2612., 2461., 2433., 2467., 2614., 2438., 2468., 2458., 2630., 2454., 2450., 2463., 2591., 2449., 2466., 2450., 2628., 2452., 2447., 2465., 2596., 2451.}","{49., 28., 25., 24., 24., 24., 25., 25., 25., 24., 24., 25., 24., 25., 24., 25., 24., 25., 25., 24., 25., 24., 25., 24., 25., 25., 24., 25., 24., 25., 25., 25., 51., 42., 29., 29., 28., 29., 29., 28., 29., 28., 29., 28., 29., 29., 29., 28., 29., 28.}","{12493., 12302., 12192., 12146., 12164., 12282., 12145., 12162., 12173., 12312., 12273., 12192., 12158., 12125., 12304., 12167., 12176., 12191., 12336., 12222., 12187., 12169., 12147., 12329., 12160., 12196., 12168., 12293., 12289., 12204., 12131., 12171., 12359., 12222., 12228., 12205., 12324., 12278., 12170., 12165., 12205., 12313., 12230., 12168., 12219., 12336., 12256., 12209., 12125., 12223.}"
30,39,"relu5_3","fc8_101",9,"relu5_3-pool5-flatten_0-fc6-relu6-drop6-fc7-relu7-drop7-fc8_101","Elementwise","Linear","Elementwise-Pooling-Flatten-Linear-Elementwise-Dropout-Linear-Elementwise-Dropout-Linear",71.,72.36670000000001,119.,51.,52.300000000000004,123.,9588.,9614.6,17364.,9517.,9542.2333,17245.,9537.,9562.300000000001,17241.,"{119., 79., 74., 72., 73., 73., 72., 73., 72., 73., 72., 72., 73., 72., 73., 73., 86., 74., 73., 72., 72., 73., 72., 72., 72., 72., 73., 72., 72., 72., 73., 72., 73., 72., 72., 73., 72., 72., 72., 73., 72., 71., 72., 72., 73., 73., 72., 72., 72., 72.}","{123., 59., 56., 54., 53., 52., 53., 52., 52., 52., 51., 52., 52., 51., 52., 51., 52., 52., 52., 54., 52., 53., 52., 52., 52., 54., 53., 55., 53., 52., 53., 53., 52., 52., 51., 53., 52., 52., 53., 52., 52., 52., 53., 52., 51., 52., 54., 53., 52., 52.}","{17364., 13085., 9723., 9668., 9606., 9643., 9602., 9619., 9611., 9621., 9624., 9606., 9596., 9620., 9611., 9624., 9629., 9604., 9626., 9609., 9619., 9622., 9610., 9612., 9598., 9624., 9619., 9617., 9617., 9611., 9619., 9594., 9624., 9614., 9588., 9604., 9591., 9618., 9622., 9594., 9590., 9600., 9656., 9612., 9640., 9612., 9605., 9627., 9596., 9595.}"
31,40,"pool5","prob",9,"pool5-flatten_0-fc6-relu6-drop6-fc7-relu7-drop7-fc8_101-prob","Pooling","Softmax","Pooling-Flatten-Linear-Elementwise-Dropout-Linear-Elementwise-Dropout-Linear-Softmax",296.,301.86670000000004,400.,24.,35.566700000000004,85.,9543.,9586.133300000001,17464.,9247.,9284.2667,17064.,9519.,9550.566700000001,17379.,"{333., 305., 303., 296., 303., 303., 302., 303., 297., 302., 314., 297., 297., 302., 303., 302., 297., 302., 296., 303., 302., 300., 303., 313., 303., 302., 304., 303., 308., 300., 302., 296., 296., 303., 296., 303., 400., 303., 304., 296., 303., 304., 296., 302., 297., 303., 302., 303., 296., 317.}","{63., 43., 39., 38., 38., 38., 38., 37., 38., 38., 37., 38., 37., 38., 38., 41., 38., 38., 37., 37., 37., 38., 38., 37., 37., 38., 37., 37., 38., 37., 37., 38., 37., 85., 51., 29., 26., 25., 25., 25., 25., 25., 24., 24., 25., 25., 25., 25., 25., 24.}","{17464., 14385., 9689., 9639., 9622., 9590., 9577., 9593., 9581., 9705., 9600., 9577., 9612., 9580., 9597., 9580., 9591., 9563., 9572., 9568., 9574., 9584., 9564., 9594., 9612., 9584., 9558., 9572., 9573., 9602., 9566., 9554., 9610., 9569., 9578., 9581., 9576., 9601., 9571., 9583., 9596., 9582., 9588., 9600., 9595., 9590., 9543., 9604., 9556., 9593.}"
